qid,Q0,docid,rank,score,runstring
2107,Q0,D103804,1,-5.17782,IndriQueryLikelihood
2107,Q0,D2743694,2,-5.19909,IndriQueryLikelihood
2107,Q0,D178365,3,-5.3032,IndriQueryLikelihood
2107,Q0,D178364,4,-5.32081,IndriQueryLikelihood
2107,Q0,D3084629,5,-5.45874,IndriQueryLikelihood
2107,Q0,D178362,6,-5.63271,IndriQueryLikelihood
2107,Q0,D1828623,7,-5.94485,IndriQueryLikelihood
2107,Q0,D1357724,8,-5.94876,IndriQueryLikelihood
2107,Q0,D1357727,9,-5.95613,IndriQueryLikelihood
2107,Q0,D3011808,10,-5.97832,IndriQueryLikelihood
2107,Q0,D1795339,11,-6.21331,IndriQueryLikelihood
2107,Q0,D178363,12,-6.27267,IndriQueryLikelihood
2107,Q0,D3411996,13,-6.29038,IndriQueryLikelihood
2107,Q0,D714629,14,-6.33089,IndriQueryLikelihood
2107,Q0,D46962,15,-6.33089,IndriQueryLikelihood
2107,Q0,D1663686,16,-6.33922,IndriQueryLikelihood
2107,Q0,D2410096,17,-6.33945,IndriQueryLikelihood
2107,Q0,D2939646,18,-6.34996,IndriQueryLikelihood
2107,Q0,D1357725,19,-6.48787,IndriQueryLikelihood
2107,Q0,D3509107,20,-6.59384,IndriQueryLikelihood
4070,Q0,D1486493,1,-5.88983,IndriQueryLikelihood
4070,Q0,D552775,2,-5.9917,IndriQueryLikelihood
4070,Q0,D453079,3,-6.00238,IndriQueryLikelihood
4070,Q0,D549207,4,-6.02435,IndriQueryLikelihood
4070,Q0,D274692,5,-6.03664,IndriQueryLikelihood
4070,Q0,D3368772,6,-6.06837,IndriQueryLikelihood
4070,Q0,D884531,7,-6.06917,IndriQueryLikelihood
4070,Q0,D1634016,8,-6.08698,IndriQueryLikelihood
4070,Q0,D2447581,9,-6.10098,IndriQueryLikelihood
4070,Q0,D1836349,10,-6.10261,IndriQueryLikelihood
4070,Q0,D49042,11,-6.12476,IndriQueryLikelihood
4070,Q0,D2826081,12,-6.13277,IndriQueryLikelihood
4070,Q0,D3007001,13,-6.13671,IndriQueryLikelihood
4070,Q0,D67260,14,-6.14008,IndriQueryLikelihood
4070,Q0,D1966362,15,-6.15877,IndriQueryLikelihood
4070,Q0,D1988454,16,-6.17479,IndriQueryLikelihood
4070,Q0,D272811,17,-6.17518,IndriQueryLikelihood
4070,Q0,D1868682,18,-6.18691,IndriQueryLikelihood
4070,Q0,D1789493,19,-6.18893,IndriQueryLikelihood
4070,Q0,D2396712,20,-6.19302,IndriQueryLikelihood
4123,Q0,D995076,1,-5.3661,IndriQueryLikelihood
4123,Q0,D1536070,2,-5.38778,IndriQueryLikelihood
4123,Q0,D2253562,3,-5.40105,IndriQueryLikelihood
4123,Q0,D2585322,4,-5.40747,IndriQueryLikelihood
4123,Q0,D672466,5,-5.45479,IndriQueryLikelihood
4123,Q0,D3235175,6,-5.45545,IndriQueryLikelihood
4123,Q0,D3399935,7,-5.48387,IndriQueryLikelihood
4123,Q0,D3399934,8,-5.48751,IndriQueryLikelihood
4123,Q0,D3006521,9,-5.53505,IndriQueryLikelihood
4123,Q0,D825816,10,-5.55757,IndriQueryLikelihood
4123,Q0,D3399933,11,-5.56084,IndriQueryLikelihood
4123,Q0,D3399930,12,-5.58434,IndriQueryLikelihood
4123,Q0,D825812,13,-5.59647,IndriQueryLikelihood
4123,Q0,D154100,14,-5.61691,IndriQueryLikelihood
4123,Q0,D825814,15,-5.63001,IndriQueryLikelihood
4123,Q0,D2725839,16,-5.63261,IndriQueryLikelihood
4123,Q0,D154098,17,-5.63582,IndriQueryLikelihood
4123,Q0,D2980998,18,-5.64839,IndriQueryLikelihood
4123,Q0,D3399932,19,-5.67493,IndriQueryLikelihood
4123,Q0,D2725840,20,-5.67653,IndriQueryLikelihood
5188,Q0,D1454896,1,-5.2532,IndriQueryLikelihood
5188,Q0,D913909,2,-5.63147,IndriQueryLikelihood
5188,Q0,D1734970,3,-5.69926,IndriQueryLikelihood
5188,Q0,D875242,4,-5.84317,IndriQueryLikelihood
5188,Q0,D940689,5,-5.84331,IndriQueryLikelihood
5188,Q0,D1621829,6,-5.8434,IndriQueryLikelihood
5188,Q0,D940690,7,-5.84823,IndriQueryLikelihood
5188,Q0,D296954,8,-5.86731,IndriQueryLikelihood
5188,Q0,D1564854,9,-5.86883,IndriQueryLikelihood
5188,Q0,D1740813,10,-5.90403,IndriQueryLikelihood
5188,Q0,D214621,11,-5.90423,IndriQueryLikelihood
5188,Q0,D560740,12,-5.92069,IndriQueryLikelihood
5188,Q0,D2624285,13,-5.93845,IndriQueryLikelihood
5188,Q0,D1580438,14,-5.94483,IndriQueryLikelihood
5188,Q0,D1475684,15,-5.95661,IndriQueryLikelihood
5188,Q0,D1483542,16,-5.96106,IndriQueryLikelihood
5188,Q0,D639098,17,-5.97657,IndriQueryLikelihood
5188,Q0,D1392915,18,-5.97924,IndriQueryLikelihood
5188,Q0,D2610999,19,-5.98237,IndriQueryLikelihood
5188,Q0,D1388493,20,-5.98237,IndriQueryLikelihood
3084,Q0,D2918369,1,-5.88484,IndriQueryLikelihood
3084,Q0,D1257431,2,-6.03906,IndriQueryLikelihood
3084,Q0,D647983,3,-6.07437,IndriQueryLikelihood
3084,Q0,D3322509,4,-6.21218,IndriQueryLikelihood
3084,Q0,D2286934,5,-6.24827,IndriQueryLikelihood
3084,Q0,D353488,6,-6.28734,IndriQueryLikelihood
3084,Q0,D2216719,7,-6.29515,IndriQueryLikelihood
3084,Q0,D2918366,8,-6.3087,IndriQueryLikelihood
3084,Q0,D3322508,9,-6.33809,IndriQueryLikelihood
3084,Q0,D1326893,10,-6.35066,IndriQueryLikelihood
3084,Q0,D2303733,11,-6.37733,IndriQueryLikelihood
3084,Q0,D2783881,12,-6.39539,IndriQueryLikelihood
3084,Q0,D3316132,13,-6.39901,IndriQueryLikelihood
3084,Q0,D3542760,14,-6.40187,IndriQueryLikelihood
3084,Q0,D1044346,15,-6.40506,IndriQueryLikelihood
3084,Q0,D1935813,16,-6.40506,IndriQueryLikelihood
3084,Q0,D327533,17,-6.40606,IndriQueryLikelihood
3084,Q0,D798402,18,-6.41577,IndriQueryLikelihood
3084,Q0,D821566,19,-6.41674,IndriQueryLikelihood
3084,Q0,D3531139,20,-6.421,IndriQueryLikelihood
2266,Q0,D1857187,1,-5.24754,IndriQueryLikelihood
2266,Q0,D132551,2,-5.24924,IndriQueryLikelihood
2266,Q0,D1090411,3,-5.44424,IndriQueryLikelihood
2266,Q0,D828366,4,-5.4995,IndriQueryLikelihood
2266,Q0,D1265295,5,-5.50314,IndriQueryLikelihood
2266,Q0,D745552,6,-5.51656,IndriQueryLikelihood
2266,Q0,D1472891,7,-5.51681,IndriQueryLikelihood
2266,Q0,D3223482,8,-5.53651,IndriQueryLikelihood
2266,Q0,D1365711,9,-5.58298,IndriQueryLikelihood
2266,Q0,D555874,10,-5.58428,IndriQueryLikelihood
2266,Q0,D2708176,11,-5.61368,IndriQueryLikelihood
2266,Q0,D271462,12,-5.61445,IndriQueryLikelihood
2266,Q0,D3545495,13,-5.61526,IndriQueryLikelihood
2266,Q0,D2979124,14,-5.61613,IndriQueryLikelihood
2266,Q0,D430986,15,-5.61712,IndriQueryLikelihood
2266,Q0,D3287776,16,-5.64589,IndriQueryLikelihood
2266,Q0,D2832140,17,-5.65038,IndriQueryLikelihood
2266,Q0,D171608,18,-5.67339,IndriQueryLikelihood
2266,Q0,D34761,19,-5.69399,IndriQueryLikelihood
2266,Q0,D3500374,20,-5.69826,IndriQueryLikelihood
4031,Q0,D648831,1,-4.92288,IndriQueryLikelihood
4031,Q0,D3173180,2,-4.95363,IndriQueryLikelihood
4031,Q0,D1751512,3,-5.05323,IndriQueryLikelihood
4031,Q0,D648832,4,-5.19751,IndriQueryLikelihood
4031,Q0,D1677201,5,-5.28922,IndriQueryLikelihood
4031,Q0,D2927683,6,-5.29892,IndriQueryLikelihood
4031,Q0,D396622,7,-5.29959,IndriQueryLikelihood
4031,Q0,D3386174,8,-5.29959,IndriQueryLikelihood
4031,Q0,D975890,9,-5.30621,IndriQueryLikelihood
4031,Q0,D2435130,10,-5.30962,IndriQueryLikelihood
4031,Q0,D3523492,11,-5.31956,IndriQueryLikelihood
4031,Q0,D3175390,12,-5.32245,IndriQueryLikelihood
4031,Q0,D1521179,13,-5.32277,IndriQueryLikelihood
4031,Q0,D346785,14,-5.33564,IndriQueryLikelihood
4031,Q0,D2441434,15,-5.33582,IndriQueryLikelihood
4031,Q0,D1628795,16,-5.33882,IndriQueryLikelihood
4031,Q0,D1726758,17,-5.3586,IndriQueryLikelihood
4031,Q0,D3069085,18,-5.36228,IndriQueryLikelihood
4031,Q0,D2941948,19,-5.36254,IndriQueryLikelihood
4031,Q0,D2775481,20,-5.3628,IndriQueryLikelihood
5150,Q0,D286152,1,-4.87397,IndriQueryLikelihood
5150,Q0,D852705,2,-5.33037,IndriQueryLikelihood
5150,Q0,D286150,3,-5.4221,IndriQueryLikelihood
5150,Q0,D150851,4,-5.54368,IndriQueryLikelihood
5150,Q0,D700141,5,-5.75011,IndriQueryLikelihood
5150,Q0,D561720,6,-5.7755,IndriQueryLikelihood
5150,Q0,D803177,7,-5.77655,IndriQueryLikelihood
5150,Q0,D491777,8,-5.82664,IndriQueryLikelihood
5150,Q0,D1178257,9,-5.85912,IndriQueryLikelihood
5150,Q0,D2563126,10,-5.8885,IndriQueryLikelihood
5150,Q0,D203854,11,-5.88933,IndriQueryLikelihood
5150,Q0,D2109613,12,-5.90618,IndriQueryLikelihood
5150,Q0,D2178419,13,-5.91193,IndriQueryLikelihood
5150,Q0,D95638,14,-5.91322,IndriQueryLikelihood
5150,Q0,D2318036,15,-5.91787,IndriQueryLikelihood
5150,Q0,D617708,16,-5.92339,IndriQueryLikelihood
5150,Q0,D561721,17,-5.925,IndriQueryLikelihood
5150,Q0,D154127,18,-5.9424,IndriQueryLikelihood
5150,Q0,D203856,19,-5.95315,IndriQueryLikelihood
5150,Q0,D2518950,20,-5.95356,IndriQueryLikelihood
3065,Q0,D3078750,1,-6.6055,IndriQueryLikelihood
3065,Q0,D2654032,2,-6.64594,IndriQueryLikelihood
3065,Q0,D3078747,3,-7.06349,IndriQueryLikelihood
3065,Q0,D29746,4,-7.20555,IndriQueryLikelihood
3065,Q0,D3224115,5,-7.25127,IndriQueryLikelihood
3065,Q0,D3045316,6,-7.27966,IndriQueryLikelihood
3065,Q0,D3396611,7,-7.28266,IndriQueryLikelihood
3065,Q0,D1483176,8,-7.28825,IndriQueryLikelihood
3065,Q0,D18429,9,-7.30446,IndriQueryLikelihood
3065,Q0,D472052,10,-7.32361,IndriQueryLikelihood
3065,Q0,D584974,11,-7.32548,IndriQueryLikelihood
3065,Q0,D2654035,12,-7.3736,IndriQueryLikelihood
3065,Q0,D258055,13,-7.44359,IndriQueryLikelihood
3065,Q0,D2999762,14,-7.5439,IndriQueryLikelihood
3065,Q0,D1763555,15,-7.5969,IndriQueryLikelihood
3065,Q0,D258058,16,-7.60152,IndriQueryLikelihood
3065,Q0,D3221848,17,-7.63378,IndriQueryLikelihood
3065,Q0,D383222,18,-7.6342,IndriQueryLikelihood
3065,Q0,D2241111,19,-7.64172,IndriQueryLikelihood
3065,Q0,D1409895,20,-7.69892,IndriQueryLikelihood
3230,Q0,D3461505,1,-5.45492,IndriQueryLikelihood
3230,Q0,D12097,2,-5.8807,IndriQueryLikelihood
3230,Q0,D693375,3,-6.00076,IndriQueryLikelihood
3230,Q0,D693374,4,-6.08467,IndriQueryLikelihood
3230,Q0,D1307890,5,-6.10994,IndriQueryLikelihood
3230,Q0,D1719868,6,-6.17926,IndriQueryLikelihood
3230,Q0,D1460838,7,-6.24763,IndriQueryLikelihood
3230,Q0,D1800453,8,-6.34089,IndriQueryLikelihood
3230,Q0,D911906,9,-6.40687,IndriQueryLikelihood
3230,Q0,D386905,10,-6.41157,IndriQueryLikelihood
3230,Q0,D2780301,11,-6.42495,IndriQueryLikelihood
3230,Q0,D1093290,12,-6.43103,IndriQueryLikelihood
3230,Q0,D876783,13,-6.44315,IndriQueryLikelihood
3230,Q0,D818442,14,-6.47783,IndriQueryLikelihood
3230,Q0,D3014267,15,-6.49592,IndriQueryLikelihood
3230,Q0,D911908,16,-6.49621,IndriQueryLikelihood
3230,Q0,D2454736,17,-6.49953,IndriQueryLikelihood
3230,Q0,D2497159,18,-6.50004,IndriQueryLikelihood
3230,Q0,D1800455,19,-6.50659,IndriQueryLikelihood
3230,Q0,D2497160,20,-6.51983,IndriQueryLikelihood
4547,Q0,D3131219,1,-5.60516,IndriQueryLikelihood
4547,Q0,D3438677,2,-5.71479,IndriQueryLikelihood
4547,Q0,D1128502,3,-5.95319,IndriQueryLikelihood
4547,Q0,D3309266,4,-5.95502,IndriQueryLikelihood
4547,Q0,D3131221,5,-5.97392,IndriQueryLikelihood
4547,Q0,D1203847,6,-5.99351,IndriQueryLikelihood
4547,Q0,D1539073,7,-6.0318,IndriQueryLikelihood
4547,Q0,D293449,8,-6.03723,IndriQueryLikelihood
4547,Q0,D412662,9,-6.05464,IndriQueryLikelihood
4547,Q0,D1181990,10,-6.05936,IndriQueryLikelihood
4547,Q0,D2868471,11,-6.06091,IndriQueryLikelihood
4547,Q0,D2935639,12,-6.063,IndriQueryLikelihood
4547,Q0,D158729,13,-6.07273,IndriQueryLikelihood
4547,Q0,D1429804,14,-6.07329,IndriQueryLikelihood
4547,Q0,D1879720,15,-6.09435,IndriQueryLikelihood
4547,Q0,D2336552,16,-6.10969,IndriQueryLikelihood
4547,Q0,D1229610,17,-6.11406,IndriQueryLikelihood
4547,Q0,D867907,18,-6.11441,IndriQueryLikelihood
4547,Q0,D447001,19,-6.12081,IndriQueryLikelihood
4547,Q0,D2984948,20,-6.12108,IndriQueryLikelihood
4829,Q0,D853637,1,-6.22116,IndriQueryLikelihood
4829,Q0,D853635,2,-6.5717,IndriQueryLikelihood
4829,Q0,D853632,3,-7.21032,IndriQueryLikelihood
4829,Q0,D2298708,4,-7.30198,IndriQueryLikelihood
4829,Q0,D853636,5,-7.46927,IndriQueryLikelihood
4829,Q0,D2308120,6,-7.61308,IndriQueryLikelihood
4829,Q0,D2530053,7,-7.73282,IndriQueryLikelihood
4829,Q0,D3172853,8,-7.73521,IndriQueryLikelihood
4829,Q0,D3174543,9,-7.79262,IndriQueryLikelihood
4829,Q0,D2298710,10,-7.86133,IndriQueryLikelihood
4829,Q0,D2655586,11,-7.99709,IndriQueryLikelihood
4829,Q0,D1274435,12,-8.06493,IndriQueryLikelihood
4829,Q0,D2686321,13,-8.09291,IndriQueryLikelihood
4829,Q0,D2443613,14,-8.10041,IndriQueryLikelihood
4829,Q0,D2298707,15,-8.10922,IndriQueryLikelihood
4829,Q0,D853630,16,-8.12126,IndriQueryLikelihood
4829,Q0,D2298711,17,-8.12182,IndriQueryLikelihood
4829,Q0,D746633,18,-8.18522,IndriQueryLikelihood
4829,Q0,D585514,19,-8.20428,IndriQueryLikelihood
4829,Q0,D2383461,20,-8.21677,IndriQueryLikelihood
1799,Q0,D1738780,1,-5.04962,IndriQueryLikelihood
1799,Q0,D214024,2,-5.04962,IndriQueryLikelihood
1799,Q0,D2049543,3,-5.04974,IndriQueryLikelihood
1799,Q0,D2919457,4,-5.05639,IndriQueryLikelihood
1799,Q0,D2547035,5,-5.07074,IndriQueryLikelihood
1799,Q0,D758154,6,-5.08607,IndriQueryLikelihood
1799,Q0,D2289693,7,-5.09071,IndriQueryLikelihood
1799,Q0,D347430,8,-5.09728,IndriQueryLikelihood
1799,Q0,D1078238,9,-5.09782,IndriQueryLikelihood
1799,Q0,D2277560,10,-5.09915,IndriQueryLikelihood
1799,Q0,D551043,11,-5.10034,IndriQueryLikelihood
1799,Q0,D871219,12,-5.10401,IndriQueryLikelihood
1799,Q0,D944334,13,-5.10843,IndriQueryLikelihood
1799,Q0,D3137099,14,-5.1288,IndriQueryLikelihood
1799,Q0,D2557941,15,-5.13883,IndriQueryLikelihood
1799,Q0,D3216614,16,-5.13973,IndriQueryLikelihood
1799,Q0,D712729,17,-5.14118,IndriQueryLikelihood
1799,Q0,D1521711,18,-5.15301,IndriQueryLikelihood
1799,Q0,D1566429,19,-5.15393,IndriQueryLikelihood
1799,Q0,D1266227,20,-5.15655,IndriQueryLikelihood
3388,Q0,D1606916,1,-5.50742,IndriQueryLikelihood
3388,Q0,D399103,2,-5.72651,IndriQueryLikelihood
3388,Q0,D3186655,3,-5.72789,IndriQueryLikelihood
3388,Q0,D3382446,4,-5.83639,IndriQueryLikelihood
3388,Q0,D2142495,5,-5.9005,IndriQueryLikelihood
3388,Q0,D639069,6,-5.93828,IndriQueryLikelihood
3388,Q0,D1825858,7,-5.96967,IndriQueryLikelihood
3388,Q0,D3186654,8,-6.0045,IndriQueryLikelihood
3388,Q0,D1533356,9,-6.00485,IndriQueryLikelihood
3388,Q0,D399105,10,-6.06122,IndriQueryLikelihood
3388,Q0,D699400,11,-6.06852,IndriQueryLikelihood
3388,Q0,D327436,12,-6.0787,IndriQueryLikelihood
3388,Q0,D264448,13,-6.10692,IndriQueryLikelihood
3388,Q0,D363551,14,-6.1259,IndriQueryLikelihood
3388,Q0,D1430454,15,-6.12847,IndriQueryLikelihood
3388,Q0,D399104,16,-6.13472,IndriQueryLikelihood
3388,Q0,D2901635,17,-6.13794,IndriQueryLikelihood
3388,Q0,D3431971,18,-6.13795,IndriQueryLikelihood
3388,Q0,D3112208,19,-6.14093,IndriQueryLikelihood
3388,Q0,D2771746,20,-6.15119,IndriQueryLikelihood
4686,Q0,D730036,1,-4.84064,IndriQueryLikelihood
4686,Q0,D1897656,2,-5.03154,IndriQueryLikelihood
4686,Q0,D730035,3,-5.03339,IndriQueryLikelihood
4686,Q0,D1215502,4,-5.03461,IndriQueryLikelihood
4686,Q0,D306282,5,-5.04407,IndriQueryLikelihood
4686,Q0,D913609,6,-5.07767,IndriQueryLikelihood
4686,Q0,D2519986,7,-5.09728,IndriQueryLikelihood
4686,Q0,D505136,8,-5.10091,IndriQueryLikelihood
4686,Q0,D730039,9,-5.10659,IndriQueryLikelihood
4686,Q0,D730038,10,-5.14379,IndriQueryLikelihood
4686,Q0,D1897658,11,-5.15119,IndriQueryLikelihood
4686,Q0,D2533340,12,-5.16402,IndriQueryLikelihood
4686,Q0,D2907014,13,-5.18997,IndriQueryLikelihood
4686,Q0,D83204,14,-5.21922,IndriQueryLikelihood
4686,Q0,D730037,15,-5.23383,IndriQueryLikelihood
4686,Q0,D730034,16,-5.28393,IndriQueryLikelihood
4686,Q0,D2907013,17,-5.30715,IndriQueryLikelihood
4686,Q0,D2907010,18,-5.32374,IndriQueryLikelihood
4686,Q0,D2696270,19,-5.33354,IndriQueryLikelihood
4686,Q0,D2732935,20,-5.34186,IndriQueryLikelihood
3132,Q0,D327818,1,-5.57908,IndriQueryLikelihood
3132,Q0,D3064155,2,-5.66186,IndriQueryLikelihood
3132,Q0,D327815,3,-5.7752,IndriQueryLikelihood
3132,Q0,D3002829,4,-5.8537,IndriQueryLikelihood
3132,Q0,D1808678,5,-5.88909,IndriQueryLikelihood
3132,Q0,D3239902,6,-6.00375,IndriQueryLikelihood
3132,Q0,D2812391,7,-6.00713,IndriQueryLikelihood
3132,Q0,D1750434,8,-6.02274,IndriQueryLikelihood
3132,Q0,D252635,9,-6.04923,IndriQueryLikelihood
3132,Q0,D327817,10,-6.08388,IndriQueryLikelihood
3132,Q0,D327816,11,-6.08858,IndriQueryLikelihood
3132,Q0,D3002830,12,-6.11051,IndriQueryLikelihood
3132,Q0,D1392313,13,-6.12324,IndriQueryLikelihood
3132,Q0,D1876390,14,-6.17441,IndriQueryLikelihood
3132,Q0,D2103817,15,-6.19348,IndriQueryLikelihood
3132,Q0,D2854228,16,-6.21571,IndriQueryLikelihood
3132,Q0,D2876319,17,-6.23242,IndriQueryLikelihood
3132,Q0,D3014705,18,-6.23847,IndriQueryLikelihood
3132,Q0,D2728040,19,-6.25325,IndriQueryLikelihood
3132,Q0,D2021510,20,-6.28311,IndriQueryLikelihood
3286,Q0,D170464,1,-4.59628,IndriQueryLikelihood
3286,Q0,D1290419,2,-4.98524,IndriQueryLikelihood
3286,Q0,D170460,3,-5.21139,IndriQueryLikelihood
3286,Q0,D643429,4,-5.26009,IndriQueryLikelihood
3286,Q0,D170461,5,-5.26731,IndriQueryLikelihood
3286,Q0,D961097,6,-5.27353,IndriQueryLikelihood
3286,Q0,D2577591,7,-5.34121,IndriQueryLikelihood
3286,Q0,D1699890,8,-5.41661,IndriQueryLikelihood
3286,Q0,D2784874,9,-5.44012,IndriQueryLikelihood
3286,Q0,D999580,10,-5.4748,IndriQueryLikelihood
3286,Q0,D3158627,11,-5.4748,IndriQueryLikelihood
3286,Q0,D2875220,12,-5.52631,IndriQueryLikelihood
3286,Q0,D1956959,13,-5.53116,IndriQueryLikelihood
3286,Q0,D349000,14,-5.60581,IndriQueryLikelihood
3286,Q0,D570977,15,-5.64109,IndriQueryLikelihood
3286,Q0,D170463,16,-5.68333,IndriQueryLikelihood
3286,Q0,D748843,17,-5.70319,IndriQueryLikelihood
3286,Q0,D3463669,18,-5.74167,IndriQueryLikelihood
3286,Q0,D115622,19,-5.807,IndriQueryLikelihood
3286,Q0,D3384583,20,-5.82192,IndriQueryLikelihood
5102,Q0,D3105297,1,-6.80787,IndriQueryLikelihood
5102,Q0,D3105299,2,-7.46617,IndriQueryLikelihood
5102,Q0,D2072614,3,-9.91746,IndriQueryLikelihood
5102,Q0,D1718763,4,-10.811,IndriQueryLikelihood
5102,Q0,D267948,5,-10.8139,IndriQueryLikelihood
5102,Q0,D1105581,6,-10.8269,IndriQueryLikelihood
5102,Q0,D1041604,7,-10.8384,IndriQueryLikelihood
5102,Q0,D1030639,8,-10.843,IndriQueryLikelihood
5102,Q0,D3147377,9,-10.8668,IndriQueryLikelihood
5102,Q0,D288178,10,-10.8676,IndriQueryLikelihood
5102,Q0,D237887,11,-10.8795,IndriQueryLikelihood
5102,Q0,D2928947,12,-10.8827,IndriQueryLikelihood
5102,Q0,D2323446,13,-10.8945,IndriQueryLikelihood
5102,Q0,D2583557,14,-10.9856,IndriQueryLikelihood
5102,Q0,D782913,15,-11.0226,IndriQueryLikelihood
5102,Q0,D985460,16,-11.0326,IndriQueryLikelihood
5102,Q0,D791032,17,-11.0331,IndriQueryLikelihood
5102,Q0,D610779,18,-11.0364,IndriQueryLikelihood
5102,Q0,D2419243,19,-11.0396,IndriQueryLikelihood
5102,Q0,D921835,20,-11.0407,IndriQueryLikelihood
3071,Q0,D2673777,1,-6.64075,IndriQueryLikelihood
3071,Q0,D2673774,2,-6.76477,IndriQueryLikelihood
3071,Q0,D2673775,3,-6.89953,IndriQueryLikelihood
3071,Q0,D2061702,4,-6.90248,IndriQueryLikelihood
3071,Q0,D2673773,5,-6.92393,IndriQueryLikelihood
3071,Q0,D1362277,6,-6.92443,IndriQueryLikelihood
3071,Q0,D953684,7,-6.92443,IndriQueryLikelihood
3071,Q0,D3265235,8,-7.18006,IndriQueryLikelihood
3071,Q0,D1567630,9,-7.19097,IndriQueryLikelihood
3071,Q0,D1908216,10,-7.19138,IndriQueryLikelihood
3071,Q0,D3330603,11,-7.2174,IndriQueryLikelihood
3071,Q0,D690605,12,-7.2275,IndriQueryLikelihood
3071,Q0,D3436236,13,-7.232,IndriQueryLikelihood
3071,Q0,D918623,14,-7.23453,IndriQueryLikelihood
3071,Q0,D550992,15,-7.24008,IndriQueryLikelihood
3071,Q0,D617785,16,-7.24148,IndriQueryLikelihood
3071,Q0,D1536575,17,-7.24401,IndriQueryLikelihood
3071,Q0,D2991782,18,-7.2488,IndriQueryLikelihood
3071,Q0,D626871,19,-7.24986,IndriQueryLikelihood
3071,Q0,D1658628,20,-7.25232,IndriQueryLikelihood
3527,Q0,D3330640,1,-5.18851,IndriQueryLikelihood
3527,Q0,D1987906,2,-5.29153,IndriQueryLikelihood
3527,Q0,D3330642,3,-5.31991,IndriQueryLikelihood
3527,Q0,D3330643,4,-5.39886,IndriQueryLikelihood
3527,Q0,D3327992,5,-5.43831,IndriQueryLikelihood
3527,Q0,D2612449,6,-5.45785,IndriQueryLikelihood
3527,Q0,D1990131,7,-5.47004,IndriQueryLikelihood
3527,Q0,D564734,8,-5.47835,IndriQueryLikelihood
3527,Q0,D877937,9,-5.48865,IndriQueryLikelihood
3527,Q0,D1870806,10,-5.49131,IndriQueryLikelihood
3527,Q0,D3330644,11,-5.49372,IndriQueryLikelihood
3527,Q0,D1171250,12,-5.50191,IndriQueryLikelihood
3527,Q0,D3117400,13,-5.51143,IndriQueryLikelihood
3527,Q0,D2788669,14,-5.52058,IndriQueryLikelihood
3527,Q0,D3381920,15,-5.52269,IndriQueryLikelihood
3527,Q0,D2126998,16,-5.54889,IndriQueryLikelihood
3527,Q0,D630985,17,-5.55126,IndriQueryLikelihood
3527,Q0,D268923,18,-5.5534,IndriQueryLikelihood
3527,Q0,D2602626,19,-5.57021,IndriQueryLikelihood
3527,Q0,D1313273,20,-5.58311,IndriQueryLikelihood
4037,Q0,D143528,1,-5.10844,IndriQueryLikelihood
4037,Q0,D1529587,2,-5.42725,IndriQueryLikelihood
4037,Q0,D249793,3,-5.51583,IndriQueryLikelihood
4037,Q0,D2699666,4,-5.59901,IndriQueryLikelihood
4037,Q0,D884531,5,-5.60232,IndriQueryLikelihood
4037,Q0,D1009717,6,-5.60768,IndriQueryLikelihood
4037,Q0,D1238060,7,-5.61339,IndriQueryLikelihood
4037,Q0,D252473,8,-5.62061,IndriQueryLikelihood
4037,Q0,D58976,9,-5.68381,IndriQueryLikelihood
4037,Q0,D645530,10,-5.68703,IndriQueryLikelihood
4037,Q0,D3431863,11,-5.68783,IndriQueryLikelihood
4037,Q0,D1429964,12,-5.69243,IndriQueryLikelihood
4037,Q0,D3049011,13,-5.70507,IndriQueryLikelihood
4037,Q0,D2931698,14,-5.71268,IndriQueryLikelihood
4037,Q0,D252475,15,-5.7603,IndriQueryLikelihood
4037,Q0,D369710,16,-5.81192,IndriQueryLikelihood
4037,Q0,D901735,17,-5.81741,IndriQueryLikelihood
4037,Q0,D1700201,18,-5.81891,IndriQueryLikelihood
4037,Q0,D3372011,19,-5.83939,IndriQueryLikelihood
4037,Q0,D1497030,20,-5.84962,IndriQueryLikelihood
4462,Q0,D2872134,1,-5.04817,IndriQueryLikelihood
4462,Q0,D3150134,2,-5.23269,IndriQueryLikelihood
4462,Q0,D3150135,3,-5.23894,IndriQueryLikelihood
4462,Q0,D2182497,4,-5.24281,IndriQueryLikelihood
4462,Q0,D3210646,5,-5.28229,IndriQueryLikelihood
4462,Q0,D1336146,6,-5.30084,IndriQueryLikelihood
4462,Q0,D1731242,7,-5.34989,IndriQueryLikelihood
4462,Q0,D387697,8,-5.36369,IndriQueryLikelihood
4462,Q0,D2759788,9,-5.41657,IndriQueryLikelihood
4462,Q0,D2812025,10,-5.42114,IndriQueryLikelihood
4462,Q0,D1007180,11,-5.42776,IndriQueryLikelihood
4462,Q0,D469631,12,-5.43439,IndriQueryLikelihood
4462,Q0,D2853383,13,-5.43696,IndriQueryLikelihood
4462,Q0,D3300975,14,-5.46503,IndriQueryLikelihood
4462,Q0,D3359313,15,-5.46528,IndriQueryLikelihood
4462,Q0,D3173834,16,-5.47298,IndriQueryLikelihood
4462,Q0,D3210644,17,-5.4869,IndriQueryLikelihood
4462,Q0,D1519502,18,-5.4943,IndriQueryLikelihood
4462,Q0,D1081197,19,-5.49648,IndriQueryLikelihood
4462,Q0,D1007177,20,-5.5071,IndriQueryLikelihood
4783,Q0,D669007,1,-6.73233,IndriQueryLikelihood
4783,Q0,D1315376,2,-6.77083,IndriQueryLikelihood
4783,Q0,D400686,3,-6.80595,IndriQueryLikelihood
4783,Q0,D1433706,4,-6.85091,IndriQueryLikelihood
4783,Q0,D560461,5,-6.88599,IndriQueryLikelihood
4783,Q0,D1883138,6,-6.89882,IndriQueryLikelihood
4783,Q0,D370576,7,-6.90655,IndriQueryLikelihood
4783,Q0,D2465082,8,-6.92031,IndriQueryLikelihood
4783,Q0,D400687,9,-6.93772,IndriQueryLikelihood
4783,Q0,D2989928,10,-6.95685,IndriQueryLikelihood
4783,Q0,D2373909,11,-6.96446,IndriQueryLikelihood
4783,Q0,D370573,12,-6.96446,IndriQueryLikelihood
4783,Q0,D1048713,13,-6.97085,IndriQueryLikelihood
4783,Q0,D574594,14,-7.02452,IndriQueryLikelihood
4783,Q0,D1171697,15,-7.03187,IndriQueryLikelihood
4783,Q0,D1315375,16,-7.0575,IndriQueryLikelihood
4783,Q0,D1476968,17,-7.06289,IndriQueryLikelihood
4783,Q0,D3511857,18,-7.06342,IndriQueryLikelihood
4783,Q0,D3455093,19,-7.0689,IndriQueryLikelihood
4783,Q0,D3032310,20,-7.07288,IndriQueryLikelihood
2677,Q0,D136226,1,-5.90439,IndriQueryLikelihood
2677,Q0,D517557,2,-5.92768,IndriQueryLikelihood
2677,Q0,D3197893,3,-6.12058,IndriQueryLikelihood
2677,Q0,D960535,4,-6.16225,IndriQueryLikelihood
2677,Q0,D1783005,5,-6.20223,IndriQueryLikelihood
2677,Q0,D3058882,6,-6.25556,IndriQueryLikelihood
2677,Q0,D1327740,7,-6.28791,IndriQueryLikelihood
2677,Q0,D3197894,8,-6.321,IndriQueryLikelihood
2677,Q0,D2971665,9,-6.36761,IndriQueryLikelihood
2677,Q0,D2861047,10,-6.37337,IndriQueryLikelihood
2677,Q0,D3227668,11,-6.37944,IndriQueryLikelihood
2677,Q0,D488421,12,-6.39526,IndriQueryLikelihood
2677,Q0,D2838761,13,-6.42063,IndriQueryLikelihood
2677,Q0,D1407713,14,-6.43751,IndriQueryLikelihood
2677,Q0,D247364,15,-6.44512,IndriQueryLikelihood
2677,Q0,D361626,16,-6.44971,IndriQueryLikelihood
2677,Q0,D618772,17,-6.46595,IndriQueryLikelihood
2677,Q0,D1315496,18,-6.48105,IndriQueryLikelihood
2677,Q0,D453492,19,-6.49613,IndriQueryLikelihood
2677,Q0,D3276848,20,-6.53038,IndriQueryLikelihood
3510,Q0,D667764,1,-4.75684,IndriQueryLikelihood
3510,Q0,D3410647,2,-4.95065,IndriQueryLikelihood
3510,Q0,D132603,3,-4.99277,IndriQueryLikelihood
3510,Q0,D1947850,4,-4.99277,IndriQueryLikelihood
3510,Q0,D775816,5,-5.01845,IndriQueryLikelihood
3510,Q0,D2979152,6,-5.01845,IndriQueryLikelihood
3510,Q0,D2703710,7,-5.0559,IndriQueryLikelihood
3510,Q0,D1131020,8,-5.06056,IndriQueryLikelihood
3510,Q0,D44890,9,-5.07502,IndriQueryLikelihood
3510,Q0,D2291422,10,-5.09248,IndriQueryLikelihood
3510,Q0,D1947848,11,-5.09265,IndriQueryLikelihood
3510,Q0,D2703712,12,-5.11398,IndriQueryLikelihood
3510,Q0,D1581684,13,-5.11481,IndriQueryLikelihood
3510,Q0,D390197,14,-5.14896,IndriQueryLikelihood
3510,Q0,D2851098,15,-5.15087,IndriQueryLikelihood
3510,Q0,D1464795,16,-5.17141,IndriQueryLikelihood
3510,Q0,D2923976,17,-5.18236,IndriQueryLikelihood
3510,Q0,D2645522,18,-5.18789,IndriQueryLikelihood
3510,Q0,D736302,19,-5.19131,IndriQueryLikelihood
3510,Q0,D55930,20,-5.19638,IndriQueryLikelihood
4065,Q0,D683920,1,-5.44269,IndriQueryLikelihood
4065,Q0,D1445732,2,-5.56475,IndriQueryLikelihood
4065,Q0,D683917,3,-5.67155,IndriQueryLikelihood
4065,Q0,D2278390,4,-5.69422,IndriQueryLikelihood
4065,Q0,D1955722,5,-5.8395,IndriQueryLikelihood
4065,Q0,D2576951,6,-5.84261,IndriQueryLikelihood
4065,Q0,D2408050,7,-5.8838,IndriQueryLikelihood
4065,Q0,D927972,8,-5.89973,IndriQueryLikelihood
4065,Q0,D3281745,9,-5.95192,IndriQueryLikelihood
4065,Q0,D1752149,10,-5.97074,IndriQueryLikelihood
4065,Q0,D1014507,11,-5.99549,IndriQueryLikelihood
4065,Q0,D2202292,12,-5.99683,IndriQueryLikelihood
4065,Q0,D389083,13,-6.00159,IndriQueryLikelihood
4065,Q0,D1702382,14,-6.00599,IndriQueryLikelihood
4065,Q0,D1505239,15,-6.03448,IndriQueryLikelihood
4065,Q0,D3330643,16,-6.05118,IndriQueryLikelihood
4065,Q0,D3550627,17,-6.05872,IndriQueryLikelihood
4065,Q0,D358680,18,-6.07631,IndriQueryLikelihood
4065,Q0,D1067934,19,-6.07665,IndriQueryLikelihood
4065,Q0,D1505241,20,-6.08341,IndriQueryLikelihood
3638,Q0,D325270,1,-4.92,IndriQueryLikelihood
3638,Q0,D1862572,2,-4.96109,IndriQueryLikelihood
3638,Q0,D2702718,3,-5.05503,IndriQueryLikelihood
3638,Q0,D2953423,4,-5.10011,IndriQueryLikelihood
3638,Q0,D2949151,5,-5.12436,IndriQueryLikelihood
3638,Q0,D1222257,6,-5.15961,IndriQueryLikelihood
3638,Q0,D901276,7,-5.18136,IndriQueryLikelihood
3638,Q0,D1572302,8,-5.18989,IndriQueryLikelihood
3638,Q0,D892393,9,-5.21542,IndriQueryLikelihood
3638,Q0,D710923,10,-5.22463,IndriQueryLikelihood
3638,Q0,D2012515,11,-5.23503,IndriQueryLikelihood
3638,Q0,D1908506,12,-5.23841,IndriQueryLikelihood
3638,Q0,D3122254,13,-5.26518,IndriQueryLikelihood
3638,Q0,D966044,14,-5.26518,IndriQueryLikelihood
3638,Q0,D3438675,15,-5.27983,IndriQueryLikelihood
3638,Q0,D3038958,16,-5.28556,IndriQueryLikelihood
3638,Q0,D3088730,17,-5.29391,IndriQueryLikelihood
3638,Q0,D3143727,18,-5.30136,IndriQueryLikelihood
3638,Q0,D1602672,19,-5.31394,IndriQueryLikelihood
3638,Q0,D2777268,20,-5.32698,IndriQueryLikelihood
3711,Q0,D3002891,1,-4.69235,IndriQueryLikelihood
3711,Q0,D3417678,2,-4.82928,IndriQueryLikelihood
3711,Q0,D1588875,3,-4.94061,IndriQueryLikelihood
3711,Q0,D511737,4,-4.97567,IndriQueryLikelihood
3711,Q0,D2055526,5,-4.9827,IndriQueryLikelihood
3711,Q0,D3101910,6,-5.03749,IndriQueryLikelihood
3711,Q0,D3417679,7,-5.15411,IndriQueryLikelihood
3711,Q0,D2082934,8,-5.15997,IndriQueryLikelihood
3711,Q0,D2829524,9,-5.24007,IndriQueryLikelihood
3711,Q0,D3002890,10,-5.2825,IndriQueryLikelihood
3711,Q0,D2870766,11,-5.36334,IndriQueryLikelihood
3711,Q0,D2360738,12,-5.3693,IndriQueryLikelihood
3711,Q0,D2870765,13,-5.39794,IndriQueryLikelihood
3711,Q0,D551518,14,-5.39816,IndriQueryLikelihood
3711,Q0,D3557753,15,-5.4355,IndriQueryLikelihood
3711,Q0,D2829525,16,-5.43593,IndriQueryLikelihood
3711,Q0,D3417680,17,-5.43606,IndriQueryLikelihood
3711,Q0,D569793,18,-5.44564,IndriQueryLikelihood
3711,Q0,D444051,19,-5.4515,IndriQueryLikelihood
3711,Q0,D2902134,20,-5.46418,IndriQueryLikelihood
1727,Q0,D1850025,1,-5.14241,IndriQueryLikelihood
1727,Q0,D1112259,2,-5.21496,IndriQueryLikelihood
1727,Q0,D377003,3,-5.36172,IndriQueryLikelihood
1727,Q0,D3016965,4,-5.36241,IndriQueryLikelihood
1727,Q0,D1742446,5,-5.48085,IndriQueryLikelihood
1727,Q0,D637039,6,-5.48088,IndriQueryLikelihood
1727,Q0,D2727016,7,-5.48419,IndriQueryLikelihood
1727,Q0,D2133703,8,-5.49583,IndriQueryLikelihood
1727,Q0,D3282741,9,-5.53771,IndriQueryLikelihood
1727,Q0,D1382932,10,-5.54754,IndriQueryLikelihood
1727,Q0,D682004,11,-5.5496,IndriQueryLikelihood
1727,Q0,D820999,12,-5.60535,IndriQueryLikelihood
1727,Q0,D2115379,13,-5.6064,IndriQueryLikelihood
1727,Q0,D2731389,14,-5.60792,IndriQueryLikelihood
1727,Q0,D459752,15,-5.63147,IndriQueryLikelihood
1727,Q0,D1260921,16,-5.65073,IndriQueryLikelihood
1727,Q0,D21882,17,-5.65472,IndriQueryLikelihood
1727,Q0,D49543,18,-5.66222,IndriQueryLikelihood
1727,Q0,D22202,19,-5.66222,IndriQueryLikelihood
1727,Q0,D2378673,20,-5.66826,IndriQueryLikelihood
1770,Q0,D97026,1,-5.14074,IndriQueryLikelihood
1770,Q0,D3550369,2,-5.14074,IndriQueryLikelihood
1770,Q0,D3171601,3,-5.17698,IndriQueryLikelihood
1770,Q0,D1751451,4,-5.26909,IndriQueryLikelihood
1770,Q0,D1787365,5,-5.27933,IndriQueryLikelihood
1770,Q0,D3440006,6,-5.29779,IndriQueryLikelihood
1770,Q0,D1026929,7,-5.32506,IndriQueryLikelihood
1770,Q0,D473840,8,-5.32813,IndriQueryLikelihood
1770,Q0,D1383425,9,-5.32904,IndriQueryLikelihood
1770,Q0,D175542,10,-5.33228,IndriQueryLikelihood
1770,Q0,D618440,11,-5.342,IndriQueryLikelihood
1770,Q0,D2896922,12,-5.34483,IndriQueryLikelihood
1770,Q0,D3110680,13,-5.36672,IndriQueryLikelihood
1770,Q0,D3065869,14,-5.37345,IndriQueryLikelihood
1770,Q0,D1356242,15,-5.37437,IndriQueryLikelihood
1770,Q0,D338725,16,-5.37779,IndriQueryLikelihood
1770,Q0,D992639,17,-5.38822,IndriQueryLikelihood
1770,Q0,D375523,18,-5.38926,IndriQueryLikelihood
1770,Q0,D1366733,19,-5.3932,IndriQueryLikelihood
1770,Q0,D541009,20,-5.3932,IndriQueryLikelihood
2359,Q0,D157247,1,-5.19412,IndriQueryLikelihood
2359,Q0,D3293794,2,-5.26737,IndriQueryLikelihood
2359,Q0,D2319544,3,-5.53489,IndriQueryLikelihood
2359,Q0,D2078328,4,-5.55314,IndriQueryLikelihood
2359,Q0,D1060050,5,-5.55314,IndriQueryLikelihood
2359,Q0,D1022764,6,-5.57819,IndriQueryLikelihood
2359,Q0,D302498,7,-5.58495,IndriQueryLikelihood
2359,Q0,D2045193,8,-5.60883,IndriQueryLikelihood
2359,Q0,D874913,9,-5.6214,IndriQueryLikelihood
2359,Q0,D3537788,10,-5.62508,IndriQueryLikelihood
2359,Q0,D2117940,11,-5.65945,IndriQueryLikelihood
2359,Q0,D2506697,12,-5.66024,IndriQueryLikelihood
2359,Q0,D2078329,13,-5.82215,IndriQueryLikelihood
2359,Q0,D227055,14,-5.85324,IndriQueryLikelihood
2359,Q0,D388785,15,-5.87036,IndriQueryLikelihood
2359,Q0,D2772407,16,-5.88041,IndriQueryLikelihood
2359,Q0,D2741100,17,-5.91172,IndriQueryLikelihood
2359,Q0,D3294873,18,-5.91776,IndriQueryLikelihood
2359,Q0,D373264,19,-5.91776,IndriQueryLikelihood
2359,Q0,D952890,20,-5.92446,IndriQueryLikelihood
3123,Q0,D2621101,1,-6.04003,IndriQueryLikelihood
3123,Q0,D3424489,2,-6.14274,IndriQueryLikelihood
3123,Q0,D2621098,3,-6.27526,IndriQueryLikelihood
3123,Q0,D1484563,4,-6.3328,IndriQueryLikelihood
3123,Q0,D2588420,5,-6.37367,IndriQueryLikelihood
3123,Q0,D2702608,6,-6.41346,IndriQueryLikelihood
3123,Q0,D2719593,7,-6.45717,IndriQueryLikelihood
3123,Q0,D2797103,8,-6.47223,IndriQueryLikelihood
3123,Q0,D3310513,9,-6.491,IndriQueryLikelihood
3123,Q0,D1066007,10,-6.53832,IndriQueryLikelihood
3123,Q0,D1374609,11,-6.56223,IndriQueryLikelihood
3123,Q0,D3135172,12,-6.56316,IndriQueryLikelihood
3123,Q0,D1374611,13,-6.57409,IndriQueryLikelihood
3123,Q0,D821879,14,-6.5835,IndriQueryLikelihood
3123,Q0,D1626242,15,-6.63835,IndriQueryLikelihood
3123,Q0,D2702607,16,-6.64242,IndriQueryLikelihood
3123,Q0,D1241364,17,-6.64872,IndriQueryLikelihood
3123,Q0,D1342044,18,-6.65922,IndriQueryLikelihood
3123,Q0,D3491895,19,-6.65922,IndriQueryLikelihood
3123,Q0,D2621097,20,-6.67377,IndriQueryLikelihood
3575,Q0,D1942804,1,-4.5296,IndriQueryLikelihood
3575,Q0,D1535874,2,-4.67561,IndriQueryLikelihood
3575,Q0,D485519,3,-4.70741,IndriQueryLikelihood
3575,Q0,D439387,4,-4.71005,IndriQueryLikelihood
3575,Q0,D439386,5,-4.77474,IndriQueryLikelihood
3575,Q0,D1582918,6,-4.7917,IndriQueryLikelihood
3575,Q0,D3009532,7,-4.90567,IndriQueryLikelihood
3575,Q0,D1942803,8,-4.96916,IndriQueryLikelihood
3575,Q0,D439384,9,-4.97715,IndriQueryLikelihood
3575,Q0,D2628587,10,-5.00101,IndriQueryLikelihood
3575,Q0,D242890,11,-5.00268,IndriQueryLikelihood
3575,Q0,D1467878,12,-5.06605,IndriQueryLikelihood
3575,Q0,D1334296,13,-5.08877,IndriQueryLikelihood
3575,Q0,D667166,14,-5.09685,IndriQueryLikelihood
3575,Q0,D2738667,15,-5.10597,IndriQueryLikelihood
3575,Q0,D314385,16,-5.11023,IndriQueryLikelihood
3575,Q0,D3321669,17,-5.11206,IndriQueryLikelihood
3575,Q0,D2700643,18,-5.12214,IndriQueryLikelihood
3575,Q0,D1588496,19,-5.13842,IndriQueryLikelihood
3575,Q0,D2855271,20,-5.16971,IndriQueryLikelihood
3679,Q0,D2075137,1,-4.95196,IndriQueryLikelihood
3679,Q0,D1102965,2,-5.2532,IndriQueryLikelihood
3679,Q0,D1014500,3,-5.26828,IndriQueryLikelihood
3679,Q0,D2802898,4,-5.27128,IndriQueryLikelihood
3679,Q0,D306749,5,-5.30397,IndriQueryLikelihood
3679,Q0,D854310,6,-5.30619,IndriQueryLikelihood
3679,Q0,D2368589,7,-5.32625,IndriQueryLikelihood
3679,Q0,D2874660,8,-5.38402,IndriQueryLikelihood
3679,Q0,D1002159,9,-5.40147,IndriQueryLikelihood
3679,Q0,D2921995,10,-5.42024,IndriQueryLikelihood
3679,Q0,D237042,11,-5.43626,IndriQueryLikelihood
3679,Q0,D2784064,12,-5.44027,IndriQueryLikelihood
3679,Q0,D79550,13,-5.44153,IndriQueryLikelihood
3679,Q0,D1641582,14,-5.4437,IndriQueryLikelihood
3679,Q0,D1979879,15,-5.45731,IndriQueryLikelihood
3679,Q0,D1970533,16,-5.45962,IndriQueryLikelihood
3679,Q0,D989758,17,-5.45975,IndriQueryLikelihood
3679,Q0,D2733590,18,-5.4656,IndriQueryLikelihood
3679,Q0,D887845,19,-5.46693,IndriQueryLikelihood
3679,Q0,D2156614,20,-5.47296,IndriQueryLikelihood
4011,Q0,D3047806,1,-5.22763,IndriQueryLikelihood
4011,Q0,D2709523,2,-5.46269,IndriQueryLikelihood
4011,Q0,D1241228,3,-5.4628,IndriQueryLikelihood
4011,Q0,D3055044,4,-5.56234,IndriQueryLikelihood
4011,Q0,D3298660,5,-5.58368,IndriQueryLikelihood
4011,Q0,D1432996,6,-5.60979,IndriQueryLikelihood
4011,Q0,D2610230,7,-5.61855,IndriQueryLikelihood
4011,Q0,D2449060,8,-5.631,IndriQueryLikelihood
4011,Q0,D2719183,9,-5.64905,IndriQueryLikelihood
4011,Q0,D750753,10,-5.66885,IndriQueryLikelihood
4011,Q0,D3168332,11,-5.67354,IndriQueryLikelihood
4011,Q0,D3373674,12,-5.68938,IndriQueryLikelihood
4011,Q0,D982943,13,-5.69309,IndriQueryLikelihood
4011,Q0,D211480,14,-5.70779,IndriQueryLikelihood
4011,Q0,D890371,15,-5.71376,IndriQueryLikelihood
4011,Q0,D755362,16,-5.72163,IndriQueryLikelihood
4011,Q0,D456213,17,-5.72352,IndriQueryLikelihood
4011,Q0,D2985563,18,-5.72743,IndriQueryLikelihood
4011,Q0,D474248,19,-5.73084,IndriQueryLikelihood
4011,Q0,D49041,20,-5.73249,IndriQueryLikelihood
4304,Q0,D1603793,1,-4.42883,IndriQueryLikelihood
4304,Q0,D2948634,2,-4.49806,IndriQueryLikelihood
4304,Q0,D951541,3,-4.49806,IndriQueryLikelihood
4304,Q0,D548684,4,-4.54569,IndriQueryLikelihood
4304,Q0,D1576185,5,-4.5651,IndriQueryLikelihood
4304,Q0,D2727213,6,-4.73135,IndriQueryLikelihood
4304,Q0,D1431812,7,-4.75572,IndriQueryLikelihood
4304,Q0,D50005,8,-4.75843,IndriQueryLikelihood
4304,Q0,D3201045,9,-4.77257,IndriQueryLikelihood
4304,Q0,D2505313,10,-4.7757,IndriQueryLikelihood
4304,Q0,D704858,11,-4.79624,IndriQueryLikelihood
4304,Q0,D1603791,12,-4.79626,IndriQueryLikelihood
4304,Q0,D880822,13,-4.799,IndriQueryLikelihood
4304,Q0,D1634309,14,-4.80063,IndriQueryLikelihood
4304,Q0,D1870970,15,-4.8073,IndriQueryLikelihood
4304,Q0,D951543,16,-4.81691,IndriQueryLikelihood
4304,Q0,D1869194,17,-4.82508,IndriQueryLikelihood
4304,Q0,D2680669,18,-4.83172,IndriQueryLikelihood
4304,Q0,D2946266,19,-4.85261,IndriQueryLikelihood
4304,Q0,D3414203,20,-4.87153,IndriQueryLikelihood
5061,Q0,D3039694,1,-6.19476,IndriQueryLikelihood
5061,Q0,D2783371,2,-6.34291,IndriQueryLikelihood
5061,Q0,D143103,3,-6.48879,IndriQueryLikelihood
5061,Q0,D1771823,4,-6.54216,IndriQueryLikelihood
5061,Q0,D137813,5,-6.5425,IndriQueryLikelihood
5061,Q0,D143104,6,-6.55106,IndriQueryLikelihood
5061,Q0,D2675111,7,-6.59282,IndriQueryLikelihood
5061,Q0,D437252,8,-6.62084,IndriQueryLikelihood
5061,Q0,D160858,9,-6.66655,IndriQueryLikelihood
5061,Q0,D1270998,10,-6.69609,IndriQueryLikelihood
5061,Q0,D1251183,11,-6.85325,IndriQueryLikelihood
5061,Q0,D2748928,12,-6.89254,IndriQueryLikelihood
5061,Q0,D3309262,13,-6.97386,IndriQueryLikelihood
5061,Q0,D143102,14,-7.03194,IndriQueryLikelihood
5061,Q0,D1432817,15,-7.03874,IndriQueryLikelihood
5061,Q0,D1252981,16,-7.04507,IndriQueryLikelihood
5061,Q0,D1983038,17,-7.05388,IndriQueryLikelihood
5061,Q0,D160859,18,-7.06019,IndriQueryLikelihood
5061,Q0,D1771822,19,-7.1076,IndriQueryLikelihood
5061,Q0,D3075842,20,-7.16857,IndriQueryLikelihood
5120,Q0,D966230,1,-5.67912,IndriQueryLikelihood
5120,Q0,D805627,2,-5.69175,IndriQueryLikelihood
5120,Q0,D1510807,3,-5.75202,IndriQueryLikelihood
5120,Q0,D2746264,4,-5.81787,IndriQueryLikelihood
5120,Q0,D6551,5,-5.84387,IndriQueryLikelihood
5120,Q0,D407858,6,-5.87226,IndriQueryLikelihood
5120,Q0,D2582364,7,-5.87233,IndriQueryLikelihood
5120,Q0,D3072853,8,-5.87692,IndriQueryLikelihood
5120,Q0,D226205,9,-5.90592,IndriQueryLikelihood
5120,Q0,D79020,10,-5.91584,IndriQueryLikelihood
5120,Q0,D1318757,11,-5.92293,IndriQueryLikelihood
5120,Q0,D2744179,12,-5.92387,IndriQueryLikelihood
5120,Q0,D3327161,13,-5.92387,IndriQueryLikelihood
5120,Q0,D42399,14,-5.92782,IndriQueryLikelihood
5120,Q0,D2493859,15,-5.94528,IndriQueryLikelihood
5120,Q0,D1607748,16,-5.96551,IndriQueryLikelihood
5120,Q0,D423233,17,-5.97868,IndriQueryLikelihood
5120,Q0,D2266620,18,-5.9789,IndriQueryLikelihood
5120,Q0,D79019,19,-5.99434,IndriQueryLikelihood
5120,Q0,D488557,20,-5.99574,IndriQueryLikelihood
3733,Q0,D3076491,1,-5.82453,IndriQueryLikelihood
3733,Q0,D448410,2,-5.87486,IndriQueryLikelihood
3733,Q0,D2771470,3,-6.0119,IndriQueryLikelihood
3733,Q0,D2947820,4,-6.11624,IndriQueryLikelihood
3733,Q0,D3012949,5,-6.16725,IndriQueryLikelihood
3733,Q0,D2414280,6,-6.18476,IndriQueryLikelihood
3733,Q0,D2194019,7,-6.19603,IndriQueryLikelihood
3733,Q0,D123217,8,-6.20289,IndriQueryLikelihood
3733,Q0,D1128542,9,-6.20786,IndriQueryLikelihood
3733,Q0,D2927845,10,-6.22771,IndriQueryLikelihood
3733,Q0,D984036,11,-6.23321,IndriQueryLikelihood
3733,Q0,D2096628,12,-6.24014,IndriQueryLikelihood
3733,Q0,D1386308,13,-6.24014,IndriQueryLikelihood
3733,Q0,D3076493,14,-6.24612,IndriQueryLikelihood
3733,Q0,D1073205,15,-6.28975,IndriQueryLikelihood
3733,Q0,D1428083,16,-6.31599,IndriQueryLikelihood
3733,Q0,D3005762,17,-6.31608,IndriQueryLikelihood
3733,Q0,D998583,18,-6.32284,IndriQueryLikelihood
3733,Q0,D1631814,19,-6.32382,IndriQueryLikelihood
3733,Q0,D915100,20,-6.34258,IndriQueryLikelihood
4715,Q0,D816895,1,-4.37584,IndriQueryLikelihood
4715,Q0,D2281122,2,-4.41436,IndriQueryLikelihood
4715,Q0,D2577010,3,-4.46169,IndriQueryLikelihood
4715,Q0,D1909561,4,-4.50454,IndriQueryLikelihood
4715,Q0,D3087836,5,-4.51492,IndriQueryLikelihood
4715,Q0,D3065512,6,-4.52409,IndriQueryLikelihood
4715,Q0,D1267699,7,-4.54392,IndriQueryLikelihood
4715,Q0,D720003,8,-4.54442,IndriQueryLikelihood
4715,Q0,D256629,9,-4.55285,IndriQueryLikelihood
4715,Q0,D1972448,10,-4.55583,IndriQueryLikelihood
4715,Q0,D2177361,11,-4.55875,IndriQueryLikelihood
4715,Q0,D206162,12,-4.56026,IndriQueryLikelihood
4715,Q0,D3065516,13,-4.56175,IndriQueryLikelihood
4715,Q0,D2099470,14,-4.56242,IndriQueryLikelihood
4715,Q0,D3385967,15,-4.57819,IndriQueryLikelihood
4715,Q0,D1531880,16,-4.57975,IndriQueryLikelihood
4715,Q0,D2432265,17,-4.5834,IndriQueryLikelihood
4715,Q0,D2328922,18,-4.5891,IndriQueryLikelihood
4715,Q0,D1958266,19,-4.59116,IndriQueryLikelihood
4715,Q0,D1649024,20,-4.59143,IndriQueryLikelihood
3214,Q0,D1758244,1,-4.31404,IndriQueryLikelihood
3214,Q0,D1272686,2,-4.58253,IndriQueryLikelihood
3214,Q0,D2284690,3,-4.75908,IndriQueryLikelihood
3214,Q0,D746154,4,-4.75969,IndriQueryLikelihood
3214,Q0,D1290449,5,-4.77425,IndriQueryLikelihood
3214,Q0,D6713,6,-4.91593,IndriQueryLikelihood
3214,Q0,D3363707,7,-5.01766,IndriQueryLikelihood
3214,Q0,D100700,8,-5.05027,IndriQueryLikelihood
3214,Q0,D528667,9,-5.05468,IndriQueryLikelihood
3214,Q0,D1074750,10,-5.06151,IndriQueryLikelihood
3214,Q0,D1715281,11,-5.06266,IndriQueryLikelihood
3214,Q0,D1595214,12,-5.14624,IndriQueryLikelihood
3214,Q0,D937628,13,-5.16609,IndriQueryLikelihood
3214,Q0,D38005,14,-5.22706,IndriQueryLikelihood
3214,Q0,D2676204,15,-5.22706,IndriQueryLikelihood
3214,Q0,D3432799,16,-5.23265,IndriQueryLikelihood
3214,Q0,D1758243,17,-5.23298,IndriQueryLikelihood
3214,Q0,D690616,18,-5.23882,IndriQueryLikelihood
3214,Q0,D2771819,19,-5.23905,IndriQueryLikelihood
3214,Q0,D38006,20,-5.24658,IndriQueryLikelihood
3522,Q0,D630799,1,-4.84718,IndriQueryLikelihood
3522,Q0,D326068,2,-4.88565,IndriQueryLikelihood
3522,Q0,D2482897,3,-4.91252,IndriQueryLikelihood
3522,Q0,D1098165,4,-4.96593,IndriQueryLikelihood
3522,Q0,D100224,5,-4.96678,IndriQueryLikelihood
3522,Q0,D353794,6,-4.97099,IndriQueryLikelihood
3522,Q0,D542435,7,-4.98344,IndriQueryLikelihood
3522,Q0,D123949,8,-4.99154,IndriQueryLikelihood
3522,Q0,D2201608,9,-5.00411,IndriQueryLikelihood
3522,Q0,D2216715,10,-5.01462,IndriQueryLikelihood
3522,Q0,D1357296,11,-5.02822,IndriQueryLikelihood
3522,Q0,D2057408,12,-5.02823,IndriQueryLikelihood
3522,Q0,D542436,13,-5.03046,IndriQueryLikelihood
3522,Q0,D3382032,14,-5.03321,IndriQueryLikelihood
3522,Q0,D356878,15,-5.07462,IndriQueryLikelihood
3522,Q0,D353797,16,-5.08121,IndriQueryLikelihood
3522,Q0,D418190,17,-5.09271,IndriQueryLikelihood
3522,Q0,D3328300,18,-5.09922,IndriQueryLikelihood
3522,Q0,D1318511,19,-5.1041,IndriQueryLikelihood
3522,Q0,D2593720,20,-5.11211,IndriQueryLikelihood
4337,Q0,D522327,1,-4.28573,IndriQueryLikelihood
4337,Q0,D1710797,2,-4.66429,IndriQueryLikelihood
4337,Q0,D3233548,3,-4.66429,IndriQueryLikelihood
4337,Q0,D2766944,4,-4.66429,IndriQueryLikelihood
4337,Q0,D699387,5,-4.66429,IndriQueryLikelihood
4337,Q0,D223575,6,-4.77063,IndriQueryLikelihood
4337,Q0,D2341183,7,-4.86685,IndriQueryLikelihood
4337,Q0,D3358176,8,-4.92402,IndriQueryLikelihood
4337,Q0,D1446091,9,-4.92909,IndriQueryLikelihood
4337,Q0,D522322,10,-4.95524,IndriQueryLikelihood
4337,Q0,D237812,11,-4.96481,IndriQueryLikelihood
4337,Q0,D404093,12,-4.98429,IndriQueryLikelihood
4337,Q0,D3267809,13,-4.98429,IndriQueryLikelihood
4337,Q0,D2926614,14,-4.98824,IndriQueryLikelihood
4337,Q0,D1326622,15,-4.9905,IndriQueryLikelihood
4337,Q0,D1233539,16,-5.01807,IndriQueryLikelihood
4337,Q0,D1943250,17,-5.04038,IndriQueryLikelihood
4337,Q0,D223574,18,-5.04923,IndriQueryLikelihood
4337,Q0,D253213,19,-5.05234,IndriQueryLikelihood
4337,Q0,D2265279,20,-5.10612,IndriQueryLikelihood
4545,Q0,D587096,1,-4.90967,IndriQueryLikelihood
4545,Q0,D351070,2,-4.92607,IndriQueryLikelihood
4545,Q0,D3074442,3,-4.96831,IndriQueryLikelihood
4545,Q0,D1591517,4,-4.97159,IndriQueryLikelihood
4545,Q0,D262512,5,-4.98285,IndriQueryLikelihood
4545,Q0,D2928104,6,-5.00349,IndriQueryLikelihood
4545,Q0,D3313403,7,-5.0201,IndriQueryLikelihood
4545,Q0,D1964323,8,-5.02763,IndriQueryLikelihood
4545,Q0,D620449,9,-5.03691,IndriQueryLikelihood
4545,Q0,D1317949,10,-5.0371,IndriQueryLikelihood
4545,Q0,D1467769,11,-5.041,IndriQueryLikelihood
4545,Q0,D1395041,12,-5.041,IndriQueryLikelihood
4545,Q0,D3322672,13,-5.04129,IndriQueryLikelihood
4545,Q0,D2958308,14,-5.0456,IndriQueryLikelihood
4545,Q0,D98133,15,-5.05014,IndriQueryLikelihood
4545,Q0,D1317947,16,-5.06895,IndriQueryLikelihood
4545,Q0,D1171164,17,-5.07963,IndriQueryLikelihood
4545,Q0,D367220,18,-5.0937,IndriQueryLikelihood
4545,Q0,D1562787,19,-5.09556,IndriQueryLikelihood
4545,Q0,D1430388,20,-5.09776,IndriQueryLikelihood
4840,Q0,D2438909,1,-5.46289,IndriQueryLikelihood
4840,Q0,D769783,2,-5.47148,IndriQueryLikelihood
4840,Q0,D1056460,3,-5.82787,IndriQueryLikelihood
4840,Q0,D711343,4,-5.86164,IndriQueryLikelihood
4840,Q0,D274017,5,-5.93485,IndriQueryLikelihood
4840,Q0,D347605,6,-5.93879,IndriQueryLikelihood
4840,Q0,D1043928,7,-5.96333,IndriQueryLikelihood
4840,Q0,D645505,8,-5.98419,IndriQueryLikelihood
4840,Q0,D1187281,9,-6.00355,IndriQueryLikelihood
4840,Q0,D702079,10,-6.0396,IndriQueryLikelihood
4840,Q0,D186246,11,-6.044,IndriQueryLikelihood
4840,Q0,D2779723,12,-6.05356,IndriQueryLikelihood
4840,Q0,D836638,13,-6.06504,IndriQueryLikelihood
4840,Q0,D980600,14,-6.07469,IndriQueryLikelihood
4840,Q0,D1233346,15,-6.07503,IndriQueryLikelihood
4840,Q0,D1056461,16,-6.0779,IndriQueryLikelihood
4840,Q0,D798381,17,-6.10739,IndriQueryLikelihood
4840,Q0,D592217,18,-6.10834,IndriQueryLikelihood
4840,Q0,D2331189,19,-6.11733,IndriQueryLikelihood
4840,Q0,D2810238,20,-6.11815,IndriQueryLikelihood
5058,Q0,D1334640,1,-5.43158,IndriQueryLikelihood
5058,Q0,D822358,2,-5.85465,IndriQueryLikelihood
5058,Q0,D2794956,3,-5.85572,IndriQueryLikelihood
5058,Q0,D406764,4,-5.87352,IndriQueryLikelihood
5058,Q0,D535239,5,-5.90169,IndriQueryLikelihood
5058,Q0,D354515,6,-5.92593,IndriQueryLikelihood
5058,Q0,D290910,7,-5.95157,IndriQueryLikelihood
5058,Q0,D1286452,8,-5.95242,IndriQueryLikelihood
5058,Q0,D1205362,9,-5.96145,IndriQueryLikelihood
5058,Q0,D1269715,10,-5.99342,IndriQueryLikelihood
5058,Q0,D44585,11,-6.01562,IndriQueryLikelihood
5058,Q0,D1334642,12,-6.01988,IndriQueryLikelihood
5058,Q0,D2486061,13,-6.03309,IndriQueryLikelihood
5058,Q0,D835825,14,-6.03741,IndriQueryLikelihood
5058,Q0,D148767,15,-6.0476,IndriQueryLikelihood
5058,Q0,D673505,16,-6.04772,IndriQueryLikelihood
5058,Q0,D3480515,17,-6.04878,IndriQueryLikelihood
5058,Q0,D763531,18,-6.05474,IndriQueryLikelihood
5058,Q0,D611736,19,-6.07086,IndriQueryLikelihood
5058,Q0,D774983,20,-6.09058,IndriQueryLikelihood
1875,Q0,D1010075,1,-5.21138,IndriQueryLikelihood
1875,Q0,D2952474,2,-5.43184,IndriQueryLikelihood
1875,Q0,D255949,3,-5.61323,IndriQueryLikelihood
1875,Q0,D587673,4,-5.69948,IndriQueryLikelihood
1875,Q0,D2952472,5,-5.70126,IndriQueryLikelihood
1875,Q0,D1317356,6,-5.71719,IndriQueryLikelihood
1875,Q0,D344943,7,-5.88587,IndriQueryLikelihood
1875,Q0,D133546,8,-5.89137,IndriQueryLikelihood
1875,Q0,D748401,9,-5.89453,IndriQueryLikelihood
1875,Q0,D3189911,10,-5.8951,IndriQueryLikelihood
1875,Q0,D2483105,11,-5.92111,IndriQueryLikelihood
1875,Q0,D122790,12,-5.94308,IndriQueryLikelihood
1875,Q0,D2360548,13,-5.94724,IndriQueryLikelihood
1875,Q0,D2359269,14,-5.97532,IndriQueryLikelihood
1875,Q0,D639412,15,-5.97707,IndriQueryLikelihood
1875,Q0,D3246340,16,-5.98619,IndriQueryLikelihood
1875,Q0,D220600,17,-6.04078,IndriQueryLikelihood
1875,Q0,D3291004,18,-6.05182,IndriQueryLikelihood
1875,Q0,D624904,19,-6.06872,IndriQueryLikelihood
1875,Q0,D3524726,20,-6.0907,IndriQueryLikelihood
1953,Q0,D1856535,1,-4.45079,IndriQueryLikelihood
1953,Q0,D1856534,2,-4.4519,IndriQueryLikelihood
1953,Q0,D2109391,3,-4.66627,IndriQueryLikelihood
1953,Q0,D1288982,4,-4.67196,IndriQueryLikelihood
1953,Q0,D2618366,5,-4.72244,IndriQueryLikelihood
1953,Q0,D10126,6,-4.74773,IndriQueryLikelihood
1953,Q0,D151993,7,-4.77027,IndriQueryLikelihood
1953,Q0,D2048892,8,-4.77815,IndriQueryLikelihood
1953,Q0,D2321778,9,-4.80368,IndriQueryLikelihood
1953,Q0,D252437,10,-4.80368,IndriQueryLikelihood
1953,Q0,D320279,11,-4.80827,IndriQueryLikelihood
1953,Q0,D1961050,12,-4.8096,IndriQueryLikelihood
1953,Q0,D2199255,13,-4.8209,IndriQueryLikelihood
1953,Q0,D3119386,14,-4.83702,IndriQueryLikelihood
1953,Q0,D3058240,15,-4.84208,IndriQueryLikelihood
1953,Q0,D3335131,16,-4.84613,IndriQueryLikelihood
1953,Q0,D3227222,17,-4.84807,IndriQueryLikelihood
1953,Q0,D3334257,18,-4.85206,IndriQueryLikelihood
1953,Q0,D1031342,19,-4.85458,IndriQueryLikelihood
1953,Q0,D2374324,20,-4.861,IndriQueryLikelihood
4174,Q0,D1376440,1,-4.74514,IndriQueryLikelihood
4174,Q0,D702224,2,-4.95046,IndriQueryLikelihood
4174,Q0,D2773436,3,-4.97062,IndriQueryLikelihood
4174,Q0,D495591,4,-4.97107,IndriQueryLikelihood
4174,Q0,D3030838,5,-4.9949,IndriQueryLikelihood
4174,Q0,D661844,6,-5.04525,IndriQueryLikelihood
4174,Q0,D3044758,7,-5.04767,IndriQueryLikelihood
4174,Q0,D1133956,8,-5.05496,IndriQueryLikelihood
4174,Q0,D902652,9,-5.06783,IndriQueryLikelihood
4174,Q0,D1062437,10,-5.07646,IndriQueryLikelihood
4174,Q0,D661846,11,-5.08605,IndriQueryLikelihood
4174,Q0,D2076040,12,-5.08994,IndriQueryLikelihood
4174,Q0,D672366,13,-5.10108,IndriQueryLikelihood
4174,Q0,D3030839,14,-5.10253,IndriQueryLikelihood
4174,Q0,D3083867,15,-5.10904,IndriQueryLikelihood
4174,Q0,D2934587,16,-5.11835,IndriQueryLikelihood
4174,Q0,D1698692,17,-5.13001,IndriQueryLikelihood
4174,Q0,D2881983,18,-5.13011,IndriQueryLikelihood
4174,Q0,D355629,19,-5.13016,IndriQueryLikelihood
4174,Q0,D1143697,20,-5.13412,IndriQueryLikelihood
5048,Q0,D1521973,1,-5.24574,IndriQueryLikelihood
5048,Q0,D1354724,2,-5.27411,IndriQueryLikelihood
5048,Q0,D21121,3,-5.34713,IndriQueryLikelihood
5048,Q0,D1367542,4,-5.36602,IndriQueryLikelihood
5048,Q0,D1367545,5,-5.40961,IndriQueryLikelihood
5048,Q0,D163479,6,-5.48504,IndriQueryLikelihood
5048,Q0,D989399,7,-5.49578,IndriQueryLikelihood
5048,Q0,D1065844,8,-5.49774,IndriQueryLikelihood
5048,Q0,D1066036,9,-5.52827,IndriQueryLikelihood
5048,Q0,D1521890,10,-5.62024,IndriQueryLikelihood
5048,Q0,D408395,11,-5.63401,IndriQueryLikelihood
5048,Q0,D3485783,12,-5.70594,IndriQueryLikelihood
5048,Q0,D619347,13,-5.71421,IndriQueryLikelihood
5048,Q0,D743470,14,-5.72452,IndriQueryLikelihood
5048,Q0,D1095099,15,-5.73525,IndriQueryLikelihood
5048,Q0,D2365190,16,-5.7376,IndriQueryLikelihood
5048,Q0,D916830,17,-5.75567,IndriQueryLikelihood
5048,Q0,D989400,18,-5.76802,IndriQueryLikelihood
5048,Q0,D1205623,19,-5.77477,IndriQueryLikelihood
5048,Q0,D2238646,20,-5.80674,IndriQueryLikelihood
51,Q0,D1271260,1,-5.04872,IndriQueryLikelihood
51,Q0,D1764332,2,-5.1802,IndriQueryLikelihood
51,Q0,D342471,3,-5.22003,IndriQueryLikelihood
51,Q0,D3834,4,-5.3924,IndriQueryLikelihood
51,Q0,D2539740,5,-5.44494,IndriQueryLikelihood
51,Q0,D2409890,6,-5.4706,IndriQueryLikelihood
51,Q0,D2583183,7,-5.48925,IndriQueryLikelihood
51,Q0,D253600,8,-5.49014,IndriQueryLikelihood
51,Q0,D1913709,9,-5.50666,IndriQueryLikelihood
51,Q0,D920252,10,-5.52333,IndriQueryLikelihood
51,Q0,D1588441,11,-5.53132,IndriQueryLikelihood
51,Q0,D2656877,12,-5.53718,IndriQueryLikelihood
51,Q0,D2314097,13,-5.54047,IndriQueryLikelihood
51,Q0,D1557886,14,-5.55009,IndriQueryLikelihood
51,Q0,D261969,15,-5.5548,IndriQueryLikelihood
51,Q0,D1616762,16,-5.5548,IndriQueryLikelihood
51,Q0,D1735611,17,-5.55949,IndriQueryLikelihood
51,Q0,D1765615,18,-5.56417,IndriQueryLikelihood
51,Q0,D958080,19,-5.59818,IndriQueryLikelihood
51,Q0,D920250,20,-5.59853,IndriQueryLikelihood
2628,Q0,D2389858,1,-5.15815,IndriQueryLikelihood
2628,Q0,D602191,2,-5.19966,IndriQueryLikelihood
2628,Q0,D252070,3,-5.23892,IndriQueryLikelihood
2628,Q0,D23971,4,-5.26129,IndriQueryLikelihood
2628,Q0,D357569,5,-5.26165,IndriQueryLikelihood
2628,Q0,D2473601,6,-5.26199,IndriQueryLikelihood
2628,Q0,D323791,7,-5.26212,IndriQueryLikelihood
2628,Q0,D915713,8,-5.26212,IndriQueryLikelihood
2628,Q0,D2933967,9,-5.39725,IndriQueryLikelihood
2628,Q0,D2100492,10,-5.39848,IndriQueryLikelihood
2628,Q0,D322641,11,-5.40675,IndriQueryLikelihood
2628,Q0,D96970,12,-5.41254,IndriQueryLikelihood
2628,Q0,D200377,13,-5.41756,IndriQueryLikelihood
2628,Q0,D430986,14,-5.42068,IndriQueryLikelihood
2628,Q0,D307653,15,-5.42421,IndriQueryLikelihood
2628,Q0,D307654,16,-5.43496,IndriQueryLikelihood
2628,Q0,D3267477,17,-5.45274,IndriQueryLikelihood
2628,Q0,D3036798,18,-5.45688,IndriQueryLikelihood
2628,Q0,D310945,19,-5.45935,IndriQueryLikelihood
2628,Q0,D452192,20,-5.46273,IndriQueryLikelihood
3011,Q0,D968493,1,-5.2423,IndriQueryLikelihood
3011,Q0,D458068,2,-5.59747,IndriQueryLikelihood
3011,Q0,D1591395,3,-5.72155,IndriQueryLikelihood
3011,Q0,D2278881,4,-5.74479,IndriQueryLikelihood
3011,Q0,D755330,5,-5.78137,IndriQueryLikelihood
3011,Q0,D3532566,6,-5.78137,IndriQueryLikelihood
3011,Q0,D3148688,7,-5.82358,IndriQueryLikelihood
3011,Q0,D130648,8,-5.96226,IndriQueryLikelihood
3011,Q0,D2465804,9,-5.97549,IndriQueryLikelihood
3011,Q0,D328405,10,-6.02917,IndriQueryLikelihood
3011,Q0,D2870301,11,-6.03478,IndriQueryLikelihood
3011,Q0,D117883,12,-6.07194,IndriQueryLikelihood
3011,Q0,D1857234,13,-6.086,IndriQueryLikelihood
3011,Q0,D3140456,14,-6.0964,IndriQueryLikelihood
3011,Q0,D3532564,15,-6.10812,IndriQueryLikelihood
3011,Q0,D570622,16,-6.11272,IndriQueryLikelihood
3011,Q0,D2712418,17,-6.1458,IndriQueryLikelihood
3011,Q0,D130647,18,-6.18795,IndriQueryLikelihood
3011,Q0,D117879,19,-6.20956,IndriQueryLikelihood
3011,Q0,D2954952,20,-6.21383,IndriQueryLikelihood
3997,Q0,D2342192,1,-4.89365,IndriQueryLikelihood
3997,Q0,D150840,2,-5.03709,IndriQueryLikelihood
3997,Q0,D2815945,3,-5.10826,IndriQueryLikelihood
3997,Q0,D3089085,4,-5.10838,IndriQueryLikelihood
3997,Q0,D87190,5,-5.12716,IndriQueryLikelihood
3997,Q0,D1898210,6,-5.16444,IndriQueryLikelihood
3997,Q0,D1695597,7,-5.22495,IndriQueryLikelihood
3997,Q0,D1765122,8,-5.27672,IndriQueryLikelihood
3997,Q0,D942884,9,-5.29806,IndriQueryLikelihood
3997,Q0,D1498879,10,-5.31664,IndriQueryLikelihood
3997,Q0,D97479,11,-5.33007,IndriQueryLikelihood
3997,Q0,D162723,12,-5.33007,IndriQueryLikelihood
3997,Q0,D1235785,13,-5.33081,IndriQueryLikelihood
3997,Q0,D2713705,14,-5.34517,IndriQueryLikelihood
3997,Q0,D110352,15,-5.34867,IndriQueryLikelihood
3997,Q0,D1215925,16,-5.34867,IndriQueryLikelihood
3997,Q0,D170348,17,-5.35225,IndriQueryLikelihood
3997,Q0,D2517187,18,-5.3604,IndriQueryLikelihood
3997,Q0,D229481,19,-5.3604,IndriQueryLikelihood
3997,Q0,D2370221,20,-5.37087,IndriQueryLikelihood
4749,Q0,D3392445,1,-5.23164,IndriQueryLikelihood
4749,Q0,D980841,2,-5.27858,IndriQueryLikelihood
4749,Q0,D2623678,3,-5.37451,IndriQueryLikelihood
4749,Q0,D2105280,4,-5.57122,IndriQueryLikelihood
4749,Q0,D3392446,5,-5.69928,IndriQueryLikelihood
4749,Q0,D980843,6,-5.8251,IndriQueryLikelihood
4749,Q0,D306055,7,-5.82609,IndriQueryLikelihood
4749,Q0,D1100580,8,-5.9728,IndriQueryLikelihood
4749,Q0,D785205,9,-6.05118,IndriQueryLikelihood
4749,Q0,D3429890,10,-6.10507,IndriQueryLikelihood
4749,Q0,D980842,11,-6.1088,IndriQueryLikelihood
4749,Q0,D961096,12,-6.14621,IndriQueryLikelihood
4749,Q0,D3429887,13,-6.19866,IndriQueryLikelihood
4749,Q0,D178376,14,-6.19898,IndriQueryLikelihood
4749,Q0,D178375,15,-6.24328,IndriQueryLikelihood
4749,Q0,D2943766,16,-6.26688,IndriQueryLikelihood
4749,Q0,D718011,17,-6.33005,IndriQueryLikelihood
4749,Q0,D2320227,18,-6.34679,IndriQueryLikelihood
4749,Q0,D3392444,19,-6.38173,IndriQueryLikelihood
4749,Q0,D620265,20,-6.39961,IndriQueryLikelihood
4802,Q0,D773886,1,-5.06204,IndriQueryLikelihood
4802,Q0,D537859,2,-5.22338,IndriQueryLikelihood
4802,Q0,D3017903,3,-5.2235,IndriQueryLikelihood
4802,Q0,D1181487,4,-5.27986,IndriQueryLikelihood
4802,Q0,D83467,5,-5.40773,IndriQueryLikelihood
4802,Q0,D1181489,6,-5.97951,IndriQueryLikelihood
4802,Q0,D2584704,7,-6.16553,IndriQueryLikelihood
4802,Q0,D165658,8,-6.26202,IndriQueryLikelihood
4802,Q0,D2235909,9,-6.26277,IndriQueryLikelihood
4802,Q0,D3161470,10,-6.30995,IndriQueryLikelihood
4802,Q0,D2584703,11,-6.38117,IndriQueryLikelihood
4802,Q0,D562336,12,-6.38746,IndriQueryLikelihood
4802,Q0,D152368,13,-6.41896,IndriQueryLikelihood
4802,Q0,D3145339,14,-6.42389,IndriQueryLikelihood
4802,Q0,D1814027,15,-6.43602,IndriQueryLikelihood
4802,Q0,D1364066,16,-6.48607,IndriQueryLikelihood
4802,Q0,D1995294,17,-6.50021,IndriQueryLikelihood
4802,Q0,D466457,18,-6.51364,IndriQueryLikelihood
4802,Q0,D1280518,19,-6.54012,IndriQueryLikelihood
4802,Q0,D257543,20,-6.62008,IndriQueryLikelihood
3672,Q0,D2857546,1,-4.60304,IndriQueryLikelihood
3672,Q0,D1200845,2,-4.73971,IndriQueryLikelihood
3672,Q0,D1813019,3,-4.74064,IndriQueryLikelihood
3672,Q0,D1494546,4,-4.89218,IndriQueryLikelihood
3672,Q0,D883048,5,-4.92177,IndriQueryLikelihood
3672,Q0,D2567399,6,-4.92203,IndriQueryLikelihood
3672,Q0,D1200846,7,-4.931,IndriQueryLikelihood
3672,Q0,D1514576,8,-4.94377,IndriQueryLikelihood
3672,Q0,D2724176,9,-4.95024,IndriQueryLikelihood
3672,Q0,D607193,10,-4.95026,IndriQueryLikelihood
3672,Q0,D3047118,11,-4.95198,IndriQueryLikelihood
3672,Q0,D1121792,12,-5.00702,IndriQueryLikelihood
3672,Q0,D2859801,13,-5.00752,IndriQueryLikelihood
3672,Q0,D2663665,14,-5.01105,IndriQueryLikelihood
3672,Q0,D567243,15,-5.01612,IndriQueryLikelihood
3672,Q0,D513387,16,-5.01942,IndriQueryLikelihood
3672,Q0,D674413,17,-5.03406,IndriQueryLikelihood
3672,Q0,D1084755,18,-5.04405,IndriQueryLikelihood
3672,Q0,D1813020,19,-5.05914,IndriQueryLikelihood
3672,Q0,D2598342,20,-5.08407,IndriQueryLikelihood
4897,Q0,D545850,1,-4.87074,IndriQueryLikelihood
4897,Q0,D1060674,2,-4.88807,IndriQueryLikelihood
4897,Q0,D2932686,3,-4.95562,IndriQueryLikelihood
4897,Q0,D3009090,4,-4.95603,IndriQueryLikelihood
4897,Q0,D37383,5,-4.98178,IndriQueryLikelihood
4897,Q0,D244527,6,-4.99216,IndriQueryLikelihood
4897,Q0,D2831734,7,-4.99753,IndriQueryLikelihood
4897,Q0,D1530871,8,-5.00373,IndriQueryLikelihood
4897,Q0,D363721,9,-5.00768,IndriQueryLikelihood
4897,Q0,D2259722,10,-5.02461,IndriQueryLikelihood
4897,Q0,D2719285,11,-5.02919,IndriQueryLikelihood
4897,Q0,D2434682,12,-5.0328,IndriQueryLikelihood
4897,Q0,D1240361,13,-5.03901,IndriQueryLikelihood
4897,Q0,D3051272,14,-5.04843,IndriQueryLikelihood
4897,Q0,D740800,15,-5.06951,IndriQueryLikelihood
4897,Q0,D2046205,16,-5.07171,IndriQueryLikelihood
4897,Q0,D2776787,17,-5.07275,IndriQueryLikelihood
4897,Q0,D600536,18,-5.08578,IndriQueryLikelihood
4897,Q0,D507679,19,-5.08835,IndriQueryLikelihood
4897,Q0,D155232,20,-5.08848,IndriQueryLikelihood
662,Q0,D2971973,1,-6.24841,IndriQueryLikelihood
662,Q0,D3509636,2,-6.50277,IndriQueryLikelihood
662,Q0,D1023625,3,-6.60161,IndriQueryLikelihood
662,Q0,D3304965,4,-6.62148,IndriQueryLikelihood
662,Q0,D1729892,5,-6.65124,IndriQueryLikelihood
662,Q0,D2971971,6,-6.71114,IndriQueryLikelihood
662,Q0,D2971970,7,-6.71435,IndriQueryLikelihood
662,Q0,D3143710,8,-6.72223,IndriQueryLikelihood
662,Q0,D2971972,9,-6.88853,IndriQueryLikelihood
662,Q0,D1592547,10,-6.90904,IndriQueryLikelihood
662,Q0,D3509827,11,-6.94198,IndriQueryLikelihood
662,Q0,D183876,12,-6.96198,IndriQueryLikelihood
662,Q0,D3122328,13,-7.01329,IndriQueryLikelihood
662,Q0,D615718,14,-7.01731,IndriQueryLikelihood
662,Q0,D1749479,15,-7.02515,IndriQueryLikelihood
662,Q0,D1884479,16,-7.08111,IndriQueryLikelihood
662,Q0,D2631902,17,-7.08319,IndriQueryLikelihood
662,Q0,D1461556,18,-7.12242,IndriQueryLikelihood
662,Q0,D2594564,19,-7.13108,IndriQueryLikelihood
662,Q0,D1553164,20,-7.13323,IndriQueryLikelihood
4526,Q0,D743242,1,-5.25881,IndriQueryLikelihood
4526,Q0,D262369,2,-5.26322,IndriQueryLikelihood
4526,Q0,D2955649,3,-5.30449,IndriQueryLikelihood
4526,Q0,D134385,4,-5.36069,IndriQueryLikelihood
4526,Q0,D939010,5,-5.39983,IndriQueryLikelihood
4526,Q0,D262371,6,-5.45385,IndriQueryLikelihood
4526,Q0,D922918,7,-5.45874,IndriQueryLikelihood
4526,Q0,D1818227,8,-5.46804,IndriQueryLikelihood
4526,Q0,D1818230,9,-5.48494,IndriQueryLikelihood
4526,Q0,D262374,10,-5.49369,IndriQueryLikelihood
4526,Q0,D1471573,11,-5.52646,IndriQueryLikelihood
4526,Q0,D134382,12,-5.56554,IndriQueryLikelihood
4526,Q0,D1153561,13,-5.5803,IndriQueryLikelihood
4526,Q0,D2889045,14,-5.58058,IndriQueryLikelihood
4526,Q0,D1707970,15,-5.58349,IndriQueryLikelihood
4526,Q0,D2889043,16,-5.60961,IndriQueryLikelihood
4526,Q0,D939011,17,-5.63152,IndriQueryLikelihood
4526,Q0,D1818228,18,-5.64996,IndriQueryLikelihood
4526,Q0,D1818231,19,-5.65708,IndriQueryLikelihood
4526,Q0,D2955650,20,-5.694,IndriQueryLikelihood
4598,Q0,D201414,1,-5.08421,IndriQueryLikelihood
4598,Q0,D339345,2,-5.08421,IndriQueryLikelihood
4598,Q0,D3261444,3,-5.08421,IndriQueryLikelihood
4598,Q0,D2505945,4,-5.08421,IndriQueryLikelihood
4598,Q0,D3213326,5,-5.09283,IndriQueryLikelihood
4598,Q0,D2285909,6,-5.15091,IndriQueryLikelihood
4598,Q0,D987570,7,-5.15618,IndriQueryLikelihood
4598,Q0,D1177281,8,-5.15795,IndriQueryLikelihood
4598,Q0,D3246850,9,-5.18585,IndriQueryLikelihood
4598,Q0,D2756993,10,-5.18773,IndriQueryLikelihood
4598,Q0,D3116880,11,-5.2162,IndriQueryLikelihood
4598,Q0,D1961524,12,-5.21671,IndriQueryLikelihood
4598,Q0,D1424963,13,-5.21801,IndriQueryLikelihood
4598,Q0,D2031168,14,-5.2187,IndriQueryLikelihood
4598,Q0,D634472,15,-5.22747,IndriQueryLikelihood
4598,Q0,D582541,16,-5.23032,IndriQueryLikelihood
4598,Q0,D76162,17,-5.2351,IndriQueryLikelihood
4598,Q0,D2693599,18,-5.23953,IndriQueryLikelihood
4598,Q0,D817927,19,-5.24658,IndriQueryLikelihood
4598,Q0,D2715514,20,-5.25079,IndriQueryLikelihood
4846,Q0,D1468208,1,-5.4541,IndriQueryLikelihood
4846,Q0,D1058802,2,-5.6708,IndriQueryLikelihood
4846,Q0,D1337675,3,-5.67546,IndriQueryLikelihood
4846,Q0,D1468210,4,-5.71446,IndriQueryLikelihood
4846,Q0,D1461407,5,-5.73198,IndriQueryLikelihood
4846,Q0,D3300339,6,-5.74117,IndriQueryLikelihood
4846,Q0,D368261,7,-5.79797,IndriQueryLikelihood
4846,Q0,D2396461,8,-5.79814,IndriQueryLikelihood
4846,Q0,D1999044,9,-5.81416,IndriQueryLikelihood
4846,Q0,D3195837,10,-5.81559,IndriQueryLikelihood
4846,Q0,D832971,11,-5.82743,IndriQueryLikelihood
4846,Q0,D1687285,12,-5.82857,IndriQueryLikelihood
4846,Q0,D203178,13,-5.8294,IndriQueryLikelihood
4846,Q0,D882636,14,-5.83204,IndriQueryLikelihood
4846,Q0,D1099580,15,-5.83284,IndriQueryLikelihood
4846,Q0,D1483295,16,-5.84985,IndriQueryLikelihood
4846,Q0,D2708712,17,-5.8603,IndriQueryLikelihood
4846,Q0,D447001,18,-5.86622,IndriQueryLikelihood
4846,Q0,D2984948,19,-5.86648,IndriQueryLikelihood
4846,Q0,D157430,20,-5.86755,IndriQueryLikelihood
5031,Q0,D912553,1,-4.85263,IndriQueryLikelihood
5031,Q0,D3502719,2,-5.43846,IndriQueryLikelihood
5031,Q0,D3502722,3,-5.67042,IndriQueryLikelihood
5031,Q0,D3502718,4,-5.76648,IndriQueryLikelihood
5031,Q0,D912556,5,-5.86471,IndriQueryLikelihood
5031,Q0,D3502720,6,-6.1134,IndriQueryLikelihood
5031,Q0,D278847,7,-6.14483,IndriQueryLikelihood
5031,Q0,D516847,8,-6.23315,IndriQueryLikelihood
5031,Q0,D333693,9,-6.23636,IndriQueryLikelihood
5031,Q0,D2336532,10,-6.25981,IndriQueryLikelihood
5031,Q0,D2959756,11,-6.28448,IndriQueryLikelihood
5031,Q0,D2452820,12,-6.29896,IndriQueryLikelihood
5031,Q0,D1192559,13,-6.33652,IndriQueryLikelihood
5031,Q0,D1881815,14,-6.34468,IndriQueryLikelihood
5031,Q0,D298840,15,-6.35026,IndriQueryLikelihood
5031,Q0,D41221,16,-6.35668,IndriQueryLikelihood
5031,Q0,D682557,17,-6.3822,IndriQueryLikelihood
5031,Q0,D3325086,18,-6.3849,IndriQueryLikelihood
5031,Q0,D2910136,19,-6.42944,IndriQueryLikelihood
5031,Q0,D2342114,20,-6.44427,IndriQueryLikelihood
872,Q0,D870996,1,-5.30457,IndriQueryLikelihood
872,Q0,D1886274,2,-5.35545,IndriQueryLikelihood
872,Q0,D1080729,3,-5.44412,IndriQueryLikelihood
872,Q0,D1154378,4,-5.47352,IndriQueryLikelihood
872,Q0,D562586,5,-5.47653,IndriQueryLikelihood
872,Q0,D2301021,6,-5.47687,IndriQueryLikelihood
872,Q0,D62347,7,-5.49133,IndriQueryLikelihood
872,Q0,D3409567,8,-5.51398,IndriQueryLikelihood
872,Q0,D1871990,9,-5.52954,IndriQueryLikelihood
872,Q0,D301085,10,-5.52969,IndriQueryLikelihood
872,Q0,D3111088,11,-5.54455,IndriQueryLikelihood
872,Q0,D3434431,12,-5.55878,IndriQueryLikelihood
872,Q0,D2032099,13,-5.55994,IndriQueryLikelihood
872,Q0,D480107,14,-5.58399,IndriQueryLikelihood
872,Q0,D2948567,15,-5.58736,IndriQueryLikelihood
872,Q0,D521339,16,-5.58891,IndriQueryLikelihood
872,Q0,D519613,17,-5.5898,IndriQueryLikelihood
872,Q0,D1913963,18,-5.59078,IndriQueryLikelihood
872,Q0,D2138018,19,-5.59671,IndriQueryLikelihood
872,Q0,D560881,20,-5.61268,IndriQueryLikelihood
3823,Q0,D1012183,1,-4.51094,IndriQueryLikelihood
3823,Q0,D3239607,2,-4.55196,IndriQueryLikelihood
3823,Q0,D2393354,3,-4.5819,IndriQueryLikelihood
3823,Q0,D1675878,4,-4.67892,IndriQueryLikelihood
3823,Q0,D3400670,5,-4.89171,IndriQueryLikelihood
3823,Q0,D2233825,6,-4.92822,IndriQueryLikelihood
3823,Q0,D1951883,7,-4.9373,IndriQueryLikelihood
3823,Q0,D180769,8,-4.99014,IndriQueryLikelihood
3823,Q0,D531474,9,-5.04003,IndriQueryLikelihood
3823,Q0,D57765,10,-5.04472,IndriQueryLikelihood
3823,Q0,D454728,11,-5.05951,IndriQueryLikelihood
3823,Q0,D847222,12,-5.06554,IndriQueryLikelihood
3823,Q0,D454725,13,-5.06805,IndriQueryLikelihood
3823,Q0,D1675873,14,-5.06945,IndriQueryLikelihood
3823,Q0,D999935,15,-5.07637,IndriQueryLikelihood
3823,Q0,D626600,16,-5.084,IndriQueryLikelihood
3823,Q0,D2666693,17,-5.09127,IndriQueryLikelihood
3823,Q0,D1012182,18,-5.10065,IndriQueryLikelihood
3823,Q0,D789959,19,-5.10234,IndriQueryLikelihood
3823,Q0,D57995,20,-5.10259,IndriQueryLikelihood
4149,Q0,D2533882,1,-4.92256,IndriQueryLikelihood
4149,Q0,D692730,2,-4.93722,IndriQueryLikelihood
4149,Q0,D2682854,3,-5.13445,IndriQueryLikelihood
4149,Q0,D1274416,4,-5.17033,IndriQueryLikelihood
4149,Q0,D3249468,5,-5.17093,IndriQueryLikelihood
4149,Q0,D373480,6,-5.20489,IndriQueryLikelihood
4149,Q0,D1274419,7,-5.21009,IndriQueryLikelihood
4149,Q0,D3068792,8,-5.22358,IndriQueryLikelihood
4149,Q0,D1662176,9,-5.22637,IndriQueryLikelihood
4149,Q0,D176211,10,-5.22681,IndriQueryLikelihood
4149,Q0,D1751203,11,-5.23127,IndriQueryLikelihood
4149,Q0,D749667,12,-5.23533,IndriQueryLikelihood
4149,Q0,D1312122,13,-5.2484,IndriQueryLikelihood
4149,Q0,D2055526,14,-5.25332,IndriQueryLikelihood
4149,Q0,D1689920,15,-5.25366,IndriQueryLikelihood
4149,Q0,D1948253,16,-5.25751,IndriQueryLikelihood
4149,Q0,D3020851,17,-5.26254,IndriQueryLikelihood
4149,Q0,D3232917,18,-5.27053,IndriQueryLikelihood
4149,Q0,D653141,19,-5.27236,IndriQueryLikelihood
4149,Q0,D399456,20,-5.28242,IndriQueryLikelihood
5239,Q0,D1179239,1,-5.60242,IndriQueryLikelihood
5239,Q0,D731852,2,-5.7384,IndriQueryLikelihood
5239,Q0,D728703,3,-5.91552,IndriQueryLikelihood
5239,Q0,D2661962,4,-5.91664,IndriQueryLikelihood
5239,Q0,D2233291,5,-5.91711,IndriQueryLikelihood
5239,Q0,D266605,6,-5.94723,IndriQueryLikelihood
5239,Q0,D731855,7,-5.95799,IndriQueryLikelihood
5239,Q0,D2997412,8,-6.01864,IndriQueryLikelihood
5239,Q0,D3047423,9,-6.06644,IndriQueryLikelihood
5239,Q0,D2360800,10,-6.06792,IndriQueryLikelihood
5239,Q0,D1384501,11,-6.07388,IndriQueryLikelihood
5239,Q0,D1384714,12,-6.07706,IndriQueryLikelihood
5239,Q0,D1743214,13,-6.08067,IndriQueryLikelihood
5239,Q0,D2269195,14,-6.08096,IndriQueryLikelihood
5239,Q0,D373717,15,-6.08648,IndriQueryLikelihood
5239,Q0,D407276,16,-6.09029,IndriQueryLikelihood
5239,Q0,D788156,17,-6.09324,IndriQueryLikelihood
5239,Q0,D1153899,18,-6.10147,IndriQueryLikelihood
5239,Q0,D2016199,19,-6.10233,IndriQueryLikelihood
5239,Q0,D2484756,20,-6.10547,IndriQueryLikelihood
2250,Q0,D1670187,1,-5.85047,IndriQueryLikelihood
2250,Q0,D2850557,2,-5.85215,IndriQueryLikelihood
2250,Q0,D1954395,3,-5.90201,IndriQueryLikelihood
2250,Q0,D639969,4,-5.9036,IndriQueryLikelihood
2250,Q0,D1499490,5,-5.92525,IndriQueryLikelihood
2250,Q0,D1981440,6,-5.98436,IndriQueryLikelihood
2250,Q0,D1683746,7,-5.99431,IndriQueryLikelihood
2250,Q0,D3468086,8,-6.00235,IndriQueryLikelihood
2250,Q0,D2749111,9,-6.04627,IndriQueryLikelihood
2250,Q0,D1981437,10,-6.0535,IndriQueryLikelihood
2250,Q0,D3052161,11,-6.07998,IndriQueryLikelihood
2250,Q0,D1762103,12,-6.08067,IndriQueryLikelihood
2250,Q0,D1044104,13,-6.08233,IndriQueryLikelihood
2250,Q0,D1044108,14,-6.14327,IndriQueryLikelihood
2250,Q0,D326124,15,-6.15038,IndriQueryLikelihood
2250,Q0,D1876624,16,-6.16239,IndriQueryLikelihood
2250,Q0,D1509197,17,-6.22244,IndriQueryLikelihood
2250,Q0,D1206401,18,-6.22929,IndriQueryLikelihood
2250,Q0,D3343234,19,-6.23797,IndriQueryLikelihood
2250,Q0,D2141351,20,-6.24734,IndriQueryLikelihood
4572,Q0,D1623290,1,-5.63055,IndriQueryLikelihood
4572,Q0,D2036666,2,-5.65841,IndriQueryLikelihood
4572,Q0,D3469101,3,-5.6629,IndriQueryLikelihood
4572,Q0,D2539460,4,-5.6629,IndriQueryLikelihood
4572,Q0,D871217,5,-5.67358,IndriQueryLikelihood
4572,Q0,D274727,6,-5.67804,IndriQueryLikelihood
4572,Q0,D3317971,7,-5.67834,IndriQueryLikelihood
4572,Q0,D1258413,8,-5.6816,IndriQueryLikelihood
4572,Q0,D3216614,9,-5.68631,IndriQueryLikelihood
4572,Q0,D2245297,10,-5.68747,IndriQueryLikelihood
4572,Q0,D2249573,11,-5.6888,IndriQueryLikelihood
4572,Q0,D871220,12,-5.69169,IndriQueryLikelihood
4572,Q0,D3520870,13,-5.69454,IndriQueryLikelihood
4572,Q0,D1387889,14,-5.7,IndriQueryLikelihood
4572,Q0,D1169227,15,-5.70285,IndriQueryLikelihood
4572,Q0,D347430,16,-5.71396,IndriQueryLikelihood
4572,Q0,D718429,17,-5.72967,IndriQueryLikelihood
4572,Q0,D1936973,18,-5.73059,IndriQueryLikelihood
4572,Q0,D2639332,19,-5.73183,IndriQueryLikelihood
4572,Q0,D1343831,20,-5.73626,IndriQueryLikelihood
406,Q0,D2989516,1,-5.45726,IndriQueryLikelihood
406,Q0,D2262358,2,-5.52898,IndriQueryLikelihood
406,Q0,D2262357,3,-5.5962,IndriQueryLikelihood
406,Q0,D2629553,4,-5.7802,IndriQueryLikelihood
406,Q0,D1532106,5,-5.78498,IndriQueryLikelihood
406,Q0,D2989515,6,-5.87339,IndriQueryLikelihood
406,Q0,D2043437,7,-5.92575,IndriQueryLikelihood
406,Q0,D2177932,8,-5.93581,IndriQueryLikelihood
406,Q0,D330033,9,-5.98287,IndriQueryLikelihood
406,Q0,D1030725,10,-6.04209,IndriQueryLikelihood
406,Q0,D81342,11,-6.06026,IndriQueryLikelihood
406,Q0,D2755563,12,-6.08563,IndriQueryLikelihood
406,Q0,D3331166,13,-6.11577,IndriQueryLikelihood
406,Q0,D330030,14,-6.12089,IndriQueryLikelihood
406,Q0,D2262356,15,-6.1261,IndriQueryLikelihood
406,Q0,D1532111,16,-6.12942,IndriQueryLikelihood
406,Q0,D1921029,17,-6.14185,IndriQueryLikelihood
406,Q0,D516973,18,-6.14239,IndriQueryLikelihood
406,Q0,D248521,19,-6.15898,IndriQueryLikelihood
406,Q0,D3223049,20,-6.17713,IndriQueryLikelihood
3862,Q0,D2253188,1,-6.32613,IndriQueryLikelihood
3862,Q0,D2253187,2,-6.56923,IndriQueryLikelihood
3862,Q0,D3412472,3,-6.63917,IndriQueryLikelihood
3862,Q0,D3412471,4,-6.73213,IndriQueryLikelihood
3862,Q0,D2137903,5,-6.73438,IndriQueryLikelihood
3862,Q0,D2253191,6,-6.7348,IndriQueryLikelihood
3862,Q0,D2291858,7,-6.78987,IndriQueryLikelihood
3862,Q0,D3420174,8,-6.96983,IndriQueryLikelihood
3862,Q0,D2291857,9,-7.0143,IndriQueryLikelihood
3862,Q0,D2171189,10,-7.01607,IndriQueryLikelihood
3862,Q0,D275567,11,-7.02988,IndriQueryLikelihood
3862,Q0,D640919,12,-7.04232,IndriQueryLikelihood
3862,Q0,D3412473,13,-7.06428,IndriQueryLikelihood
3862,Q0,D2736533,14,-7.07746,IndriQueryLikelihood
3862,Q0,D1870140,15,-7.0836,IndriQueryLikelihood
3862,Q0,D2902521,16,-7.09229,IndriQueryLikelihood
3862,Q0,D2699648,17,-7.10751,IndriQueryLikelihood
3862,Q0,D1456482,18,-7.10926,IndriQueryLikelihood
3862,Q0,D2383551,19,-7.14244,IndriQueryLikelihood
3862,Q0,D2086946,20,-7.15054,IndriQueryLikelihood
5127,Q0,D2242630,1,-5.26515,IndriQueryLikelihood
5127,Q0,D2364081,2,-5.29938,IndriQueryLikelihood
5127,Q0,D1601015,3,-5.31904,IndriQueryLikelihood
5127,Q0,D1576648,4,-5.35044,IndriQueryLikelihood
5127,Q0,D1145161,5,-5.35121,IndriQueryLikelihood
5127,Q0,D561721,6,-5.35601,IndriQueryLikelihood
5127,Q0,D2119622,7,-5.37168,IndriQueryLikelihood
5127,Q0,D2736791,8,-5.37345,IndriQueryLikelihood
5127,Q0,D122402,9,-5.37763,IndriQueryLikelihood
5127,Q0,D2360404,10,-5.39139,IndriQueryLikelihood
5127,Q0,D1112763,11,-5.43136,IndriQueryLikelihood
5127,Q0,D722315,12,-5.45516,IndriQueryLikelihood
5127,Q0,D3538152,13,-5.46179,IndriQueryLikelihood
5127,Q0,D1244101,14,-5.4618,IndriQueryLikelihood
5127,Q0,D2351418,15,-5.47446,IndriQueryLikelihood
5127,Q0,D565476,16,-5.48096,IndriQueryLikelihood
5127,Q0,D2293996,17,-5.48917,IndriQueryLikelihood
5127,Q0,D1051812,18,-5.49146,IndriQueryLikelihood
5127,Q0,D2109613,19,-5.49292,IndriQueryLikelihood
5127,Q0,D3024861,20,-5.49544,IndriQueryLikelihood
539,Q0,D2838285,1,-4.92141,IndriQueryLikelihood
539,Q0,D2225000,2,-4.94014,IndriQueryLikelihood
539,Q0,D1182382,3,-5.11006,IndriQueryLikelihood
539,Q0,D2872118,4,-5.20514,IndriQueryLikelihood
539,Q0,D1013036,5,-5.22349,IndriQueryLikelihood
539,Q0,D2376067,6,-5.25017,IndriQueryLikelihood
539,Q0,D3143982,7,-5.28689,IndriQueryLikelihood
539,Q0,D959585,8,-5.29795,IndriQueryLikelihood
539,Q0,D1936795,9,-5.31367,IndriQueryLikelihood
539,Q0,D1853911,10,-5.33231,IndriQueryLikelihood
539,Q0,D2636336,11,-5.33764,IndriQueryLikelihood
539,Q0,D2695260,12,-5.35949,IndriQueryLikelihood
539,Q0,D3020353,13,-5.36283,IndriQueryLikelihood
539,Q0,D2286617,14,-5.3714,IndriQueryLikelihood
539,Q0,D2207895,15,-5.37627,IndriQueryLikelihood
539,Q0,D2634862,16,-5.41475,IndriQueryLikelihood
539,Q0,D250399,17,-5.42688,IndriQueryLikelihood
539,Q0,D392297,18,-5.43538,IndriQueryLikelihood
539,Q0,D196049,19,-5.43741,IndriQueryLikelihood
539,Q0,D2860611,20,-5.43865,IndriQueryLikelihood
4077,Q0,D2454830,1,-5.35383,IndriQueryLikelihood
4077,Q0,D188811,2,-5.37569,IndriQueryLikelihood
4077,Q0,D181603,3,-5.47332,IndriQueryLikelihood
4077,Q0,D2843995,4,-5.47415,IndriQueryLikelihood
4077,Q0,D496217,5,-5.47415,IndriQueryLikelihood
4077,Q0,D470634,6,-5.5206,IndriQueryLikelihood
4077,Q0,D750168,7,-5.54642,IndriQueryLikelihood
4077,Q0,D988167,8,-5.57161,IndriQueryLikelihood
4077,Q0,D1212707,9,-5.57605,IndriQueryLikelihood
4077,Q0,D2244585,10,-5.60263,IndriQueryLikelihood
4077,Q0,D461350,11,-5.60263,IndriQueryLikelihood
4077,Q0,D87162,12,-5.61944,IndriQueryLikelihood
4077,Q0,D145823,13,-5.64285,IndriQueryLikelihood
4077,Q0,D2622474,14,-5.67639,IndriQueryLikelihood
4077,Q0,D1255736,15,-5.67892,IndriQueryLikelihood
4077,Q0,D1438669,16,-5.69112,IndriQueryLikelihood
4077,Q0,D2815945,17,-5.73398,IndriQueryLikelihood
4077,Q0,D2354785,18,-5.76284,IndriQueryLikelihood
4077,Q0,D2245634,19,-5.78521,IndriQueryLikelihood
4077,Q0,D2301209,20,-5.80577,IndriQueryLikelihood
4130,Q0,D1172653,1,-5.11152,IndriQueryLikelihood
4130,Q0,D2331451,2,-5.11171,IndriQueryLikelihood
4130,Q0,D1399300,3,-5.14888,IndriQueryLikelihood
4130,Q0,D2331455,4,-5.16939,IndriQueryLikelihood
4130,Q0,D1399294,5,-5.1821,IndriQueryLikelihood
4130,Q0,D1399299,6,-5.18398,IndriQueryLikelihood
4130,Q0,D3456983,7,-5.22208,IndriQueryLikelihood
4130,Q0,D3004001,8,-5.2492,IndriQueryLikelihood
4130,Q0,D204707,9,-5.24949,IndriQueryLikelihood
4130,Q0,D1366537,10,-5.29803,IndriQueryLikelihood
4130,Q0,D2244700,11,-5.32532,IndriQueryLikelihood
4130,Q0,D2069240,12,-5.33816,IndriQueryLikelihood
4130,Q0,D3428439,13,-5.34764,IndriQueryLikelihood
4130,Q0,D433453,14,-5.36004,IndriQueryLikelihood
4130,Q0,D1210212,15,-5.36004,IndriQueryLikelihood
4130,Q0,D186025,16,-5.3669,IndriQueryLikelihood
4130,Q0,D1607855,17,-5.3722,IndriQueryLikelihood
4130,Q0,D1399298,18,-5.38274,IndriQueryLikelihood
4130,Q0,D1366540,19,-5.38461,IndriQueryLikelihood
4130,Q0,D1399297,20,-5.38604,IndriQueryLikelihood
5202,Q0,D1181635,1,-5.82216,IndriQueryLikelihood
5202,Q0,D1479557,2,-5.82216,IndriQueryLikelihood
5202,Q0,D1052958,3,-5.94121,IndriQueryLikelihood
5202,Q0,D2795021,4,-5.99458,IndriQueryLikelihood
5202,Q0,D1688976,5,-6.01759,IndriQueryLikelihood
5202,Q0,D274201,6,-6.11502,IndriQueryLikelihood
5202,Q0,D2408479,7,-6.13324,IndriQueryLikelihood
5202,Q0,D566839,8,-6.16523,IndriQueryLikelihood
5202,Q0,D1688972,9,-6.2082,IndriQueryLikelihood
5202,Q0,D1686872,10,-6.26461,IndriQueryLikelihood
5202,Q0,D64798,11,-6.31138,IndriQueryLikelihood
5202,Q0,D1367273,12,-6.31837,IndriQueryLikelihood
5202,Q0,D3503116,13,-6.34798,IndriQueryLikelihood
5202,Q0,D181098,14,-6.37429,IndriQueryLikelihood
5202,Q0,D3140428,15,-6.40232,IndriQueryLikelihood
5202,Q0,D361047,16,-6.41975,IndriQueryLikelihood
5202,Q0,D162060,17,-6.45139,IndriQueryLikelihood
5202,Q0,D624712,18,-6.45656,IndriQueryLikelihood
5202,Q0,D361048,19,-6.46409,IndriQueryLikelihood
5202,Q0,D1448703,20,-6.47115,IndriQueryLikelihood
3359,Q0,D2259749,1,-6.13184,IndriQueryLikelihood
3359,Q0,D2259748,2,-6.27682,IndriQueryLikelihood
3359,Q0,D2259747,3,-6.47555,IndriQueryLikelihood
3359,Q0,D2259746,4,-6.53299,IndriQueryLikelihood
3359,Q0,D2259745,5,-6.66421,IndriQueryLikelihood
3359,Q0,D2078449,6,-6.74494,IndriQueryLikelihood
3359,Q0,D2287807,7,-6.87691,IndriQueryLikelihood
3359,Q0,D2287810,8,-6.89908,IndriQueryLikelihood
3359,Q0,D1755843,9,-6.94863,IndriQueryLikelihood
3359,Q0,D229252,10,-6.98481,IndriQueryLikelihood
3359,Q0,D666363,11,-7.00701,IndriQueryLikelihood
3359,Q0,D2594923,12,-7.08476,IndriQueryLikelihood
3359,Q0,D2287809,13,-7.09977,IndriQueryLikelihood
3359,Q0,D1064608,14,-7.14073,IndriQueryLikelihood
3359,Q0,D3327439,15,-7.14331,IndriQueryLikelihood
3359,Q0,D666367,16,-7.14731,IndriQueryLikelihood
3359,Q0,D958863,17,-7.15362,IndriQueryLikelihood
3359,Q0,D2263746,18,-7.1877,IndriQueryLikelihood
3359,Q0,D2078452,19,-7.21034,IndriQueryLikelihood
3359,Q0,D606299,20,-7.23071,IndriQueryLikelihood
3738,Q0,D2865964,1,-4.56648,IndriQueryLikelihood
3738,Q0,D3557816,2,-4.70496,IndriQueryLikelihood
3738,Q0,D1951655,3,-4.75621,IndriQueryLikelihood
3738,Q0,D2723985,4,-4.7664,IndriQueryLikelihood
3738,Q0,D1709749,5,-4.79318,IndriQueryLikelihood
3738,Q0,D1356721,6,-4.80258,IndriQueryLikelihood
3738,Q0,D743788,7,-4.82801,IndriQueryLikelihood
3738,Q0,D46911,8,-4.83172,IndriQueryLikelihood
3738,Q0,D1736725,9,-4.83452,IndriQueryLikelihood
3738,Q0,D2363020,10,-4.84072,IndriQueryLikelihood
3738,Q0,D2014998,11,-4.88091,IndriQueryLikelihood
3738,Q0,D3070547,12,-4.88414,IndriQueryLikelihood
3738,Q0,D2886496,13,-4.90086,IndriQueryLikelihood
3738,Q0,D780047,14,-4.91335,IndriQueryLikelihood
3738,Q0,D2952712,15,-4.92597,IndriQueryLikelihood
3738,Q0,D2777438,16,-4.95138,IndriQueryLikelihood
3738,Q0,D323926,17,-4.9526,IndriQueryLikelihood
3738,Q0,D3083629,18,-4.95461,IndriQueryLikelihood
3738,Q0,D1022091,19,-4.95736,IndriQueryLikelihood
3738,Q0,D9665,20,-4.9616,IndriQueryLikelihood
3916,Q0,D249109,1,-5.76,IndriQueryLikelihood
3916,Q0,D249108,2,-6.10158,IndriQueryLikelihood
3916,Q0,D2774476,3,-6.25258,IndriQueryLikelihood
3916,Q0,D249107,4,-6.26537,IndriQueryLikelihood
3916,Q0,D1952347,5,-6.32195,IndriQueryLikelihood
3916,Q0,D967900,6,-6.40377,IndriQueryLikelihood
3916,Q0,D519776,7,-6.65479,IndriQueryLikelihood
3916,Q0,D782018,8,-6.7801,IndriQueryLikelihood
3916,Q0,D3504161,9,-6.80426,IndriQueryLikelihood
3916,Q0,D1744781,10,-6.85625,IndriQueryLikelihood
3916,Q0,D200017,11,-6.91027,IndriQueryLikelihood
3916,Q0,D659373,12,-6.91052,IndriQueryLikelihood
3916,Q0,D1355988,13,-6.93512,IndriQueryLikelihood
3916,Q0,D1613595,14,-6.93553,IndriQueryLikelihood
3916,Q0,D350207,15,-6.94431,IndriQueryLikelihood
3916,Q0,D1084338,16,-6.94431,IndriQueryLikelihood
3916,Q0,D233109,17,-6.99169,IndriQueryLikelihood
3916,Q0,D1136044,18,-7.02189,IndriQueryLikelihood
3916,Q0,D1106913,19,-7.02246,IndriQueryLikelihood
3916,Q0,D3500857,20,-7.02512,IndriQueryLikelihood
4110,Q0,D2439401,1,-5.33352,IndriQueryLikelihood
4110,Q0,D108377,2,-5.35238,IndriQueryLikelihood
4110,Q0,D608443,3,-5.49454,IndriQueryLikelihood
4110,Q0,D2921920,4,-5.68616,IndriQueryLikelihood
4110,Q0,D2245969,5,-5.75823,IndriQueryLikelihood
4110,Q0,D2115458,6,-5.77647,IndriQueryLikelihood
4110,Q0,D2323577,7,-5.77918,IndriQueryLikelihood
4110,Q0,D210818,8,-5.78001,IndriQueryLikelihood
4110,Q0,D418846,9,-5.78579,IndriQueryLikelihood
4110,Q0,D49843,10,-5.80868,IndriQueryLikelihood
4110,Q0,D827891,11,-5.81294,IndriQueryLikelihood
4110,Q0,D3374849,12,-5.81313,IndriQueryLikelihood
4110,Q0,D1212785,13,-5.82422,IndriQueryLikelihood
4110,Q0,D2264462,14,-5.87716,IndriQueryLikelihood
4110,Q0,D1191468,15,-5.8778,IndriQueryLikelihood
4110,Q0,D1673186,16,-5.88785,IndriQueryLikelihood
4110,Q0,D2771900,17,-5.88892,IndriQueryLikelihood
4110,Q0,D1860819,18,-5.89011,IndriQueryLikelihood
4110,Q0,D452593,19,-5.9021,IndriQueryLikelihood
4110,Q0,D1318388,20,-5.9021,IndriQueryLikelihood
2728,Q0,D2014557,1,-5.15792,IndriQueryLikelihood
2728,Q0,D1801697,2,-5.15792,IndriQueryLikelihood
2728,Q0,D2775712,3,-5.17366,IndriQueryLikelihood
2728,Q0,D503989,4,-5.18456,IndriQueryLikelihood
2728,Q0,D984015,5,-5.26956,IndriQueryLikelihood
2728,Q0,D984014,6,-5.26956,IndriQueryLikelihood
2728,Q0,D300188,7,-5.27437,IndriQueryLikelihood
2728,Q0,D3286946,8,-5.31403,IndriQueryLikelihood
2728,Q0,D1350501,9,-5.31661,IndriQueryLikelihood
2728,Q0,D3347502,10,-5.31931,IndriQueryLikelihood
2728,Q0,D129290,11,-5.36095,IndriQueryLikelihood
2728,Q0,D2279356,12,-5.37631,IndriQueryLikelihood
2728,Q0,D1927777,13,-5.39844,IndriQueryLikelihood
2728,Q0,D392973,14,-5.40163,IndriQueryLikelihood
2728,Q0,D3125419,15,-5.4125,IndriQueryLikelihood
2728,Q0,D211860,16,-5.41654,IndriQueryLikelihood
2728,Q0,D681805,17,-5.41811,IndriQueryLikelihood
2728,Q0,D3022890,18,-5.41887,IndriQueryLikelihood
2728,Q0,D3161548,19,-5.41887,IndriQueryLikelihood
2728,Q0,D2026007,20,-5.43217,IndriQueryLikelihood
3687,Q0,D2550437,1,-4.44584,IndriQueryLikelihood
3687,Q0,D2014766,2,-4.46436,IndriQueryLikelihood
3687,Q0,D2793020,3,-4.55094,IndriQueryLikelihood
3687,Q0,D1027935,4,-4.58359,IndriQueryLikelihood
3687,Q0,D2922270,5,-4.61017,IndriQueryLikelihood
3687,Q0,D2919765,6,-4.61486,IndriQueryLikelihood
3687,Q0,D2673583,7,-4.61599,IndriQueryLikelihood
3687,Q0,D1998106,8,-4.6308,IndriQueryLikelihood
3687,Q0,D2197856,9,-4.66489,IndriQueryLikelihood
3687,Q0,D1065552,10,-4.74037,IndriQueryLikelihood
3687,Q0,D787589,11,-4.76454,IndriQueryLikelihood
3687,Q0,D2132201,12,-4.76625,IndriQueryLikelihood
3687,Q0,D2933448,13,-4.77342,IndriQueryLikelihood
3687,Q0,D787588,14,-4.77606,IndriQueryLikelihood
3687,Q0,D2919764,15,-4.78938,IndriQueryLikelihood
3687,Q0,D435991,16,-4.78989,IndriQueryLikelihood
3687,Q0,D1007220,17,-4.81523,IndriQueryLikelihood
3687,Q0,D2998466,18,-4.84462,IndriQueryLikelihood
3687,Q0,D1971780,19,-4.84797,IndriQueryLikelihood
3687,Q0,D967609,20,-4.88989,IndriQueryLikelihood
4014,Q0,D827521,1,-5.42494,IndriQueryLikelihood
4014,Q0,D2508447,2,-5.63147,IndriQueryLikelihood
4014,Q0,D822425,3,-5.77343,IndriQueryLikelihood
4014,Q0,D2957515,4,-5.78561,IndriQueryLikelihood
4014,Q0,D1955861,5,-5.81756,IndriQueryLikelihood
4014,Q0,D752991,6,-5.85793,IndriQueryLikelihood
4014,Q0,D756450,7,-5.86684,IndriQueryLikelihood
4014,Q0,D2789004,8,-5.87971,IndriQueryLikelihood
4014,Q0,D215002,9,-5.90305,IndriQueryLikelihood
4014,Q0,D215001,10,-5.93233,IndriQueryLikelihood
4014,Q0,D1651885,11,-5.98085,IndriQueryLikelihood
4014,Q0,D827523,12,-5.98816,IndriQueryLikelihood
4014,Q0,D580629,13,-6.02187,IndriQueryLikelihood
4014,Q0,D2249695,14,-6.06346,IndriQueryLikelihood
4014,Q0,D1631679,15,-6.06974,IndriQueryLikelihood
4014,Q0,D5897,16,-6.07862,IndriQueryLikelihood
4014,Q0,D153456,17,-6.09018,IndriQueryLikelihood
4014,Q0,D3191615,18,-6.1085,IndriQueryLikelihood
4014,Q0,D2808263,19,-6.12319,IndriQueryLikelihood
4014,Q0,D3291337,20,-6.1246,IndriQueryLikelihood
4273,Q0,D556933,1,-5.66299,IndriQueryLikelihood
4273,Q0,D1339636,2,-5.66318,IndriQueryLikelihood
4273,Q0,D3165162,3,-5.84395,IndriQueryLikelihood
4273,Q0,D424085,4,-5.86564,IndriQueryLikelihood
4273,Q0,D3027685,5,-5.87834,IndriQueryLikelihood
4273,Q0,D61094,6,-5.87834,IndriQueryLikelihood
4273,Q0,D2342071,7,-5.91312,IndriQueryLikelihood
4273,Q0,D957333,8,-5.91646,IndriQueryLikelihood
4273,Q0,D2722351,9,-5.92666,IndriQueryLikelihood
4273,Q0,D52449,10,-5.95055,IndriQueryLikelihood
4273,Q0,D1412837,11,-5.95055,IndriQueryLikelihood
4273,Q0,D2200266,12,-5.96832,IndriQueryLikelihood
4273,Q0,D529649,13,-5.97045,IndriQueryLikelihood
4273,Q0,D1804063,14,-5.97314,IndriQueryLikelihood
4273,Q0,D1671949,15,-5.9774,IndriQueryLikelihood
4273,Q0,D1913645,16,-5.98345,IndriQueryLikelihood
4273,Q0,D1705675,17,-5.98565,IndriQueryLikelihood
4273,Q0,D22049,18,-5.98633,IndriQueryLikelihood
4273,Q0,D2049645,19,-5.98728,IndriQueryLikelihood
4273,Q0,D1281488,20,-5.98777,IndriQueryLikelihood
4955,Q0,D2912801,1,-5.28325,IndriQueryLikelihood
4955,Q0,D2855351,2,-6.21436,IndriQueryLikelihood
4955,Q0,D2164202,3,-6.25429,IndriQueryLikelihood
4955,Q0,D1621017,4,-6.31096,IndriQueryLikelihood
4955,Q0,D1710702,5,-6.34938,IndriQueryLikelihood
4955,Q0,D2877567,6,-6.35294,IndriQueryLikelihood
4955,Q0,D3191349,7,-6.36318,IndriQueryLikelihood
4955,Q0,D2328364,8,-6.36973,IndriQueryLikelihood
4955,Q0,D73519,9,-6.38212,IndriQueryLikelihood
4955,Q0,D3509280,10,-6.38753,IndriQueryLikelihood
4955,Q0,D2658876,11,-6.39707,IndriQueryLikelihood
4955,Q0,D1099792,12,-6.39896,IndriQueryLikelihood
4955,Q0,D2189550,13,-6.41068,IndriQueryLikelihood
4955,Q0,D3058213,14,-6.44178,IndriQueryLikelihood
4955,Q0,D3181962,15,-6.44965,IndriQueryLikelihood
4955,Q0,D782466,16,-6.45163,IndriQueryLikelihood
4955,Q0,D2261830,17,-6.46513,IndriQueryLikelihood
4955,Q0,D1443693,18,-6.48776,IndriQueryLikelihood
4955,Q0,D3223212,19,-6.48776,IndriQueryLikelihood
4955,Q0,D3388316,20,-6.48943,IndriQueryLikelihood
4373,Q0,D2875440,1,-4.82913,IndriQueryLikelihood
4373,Q0,D504012,2,-5.14437,IndriQueryLikelihood
4373,Q0,D1240941,3,-5.14437,IndriQueryLikelihood
4373,Q0,D1213431,4,-5.16518,IndriQueryLikelihood
4373,Q0,D1468438,5,-5.16635,IndriQueryLikelihood
4373,Q0,D233534,6,-5.16936,IndriQueryLikelihood
4373,Q0,D215070,7,-5.17117,IndriQueryLikelihood
4373,Q0,D376778,8,-5.17568,IndriQueryLikelihood
4373,Q0,D225345,9,-5.18317,IndriQueryLikelihood
4373,Q0,D406166,10,-5.18362,IndriQueryLikelihood
4373,Q0,D653330,11,-5.19296,IndriQueryLikelihood
4373,Q0,D1332813,12,-5.19296,IndriQueryLikelihood
4373,Q0,D630558,13,-5.21429,IndriQueryLikelihood
4373,Q0,D212432,14,-5.24685,IndriQueryLikelihood
4373,Q0,D199815,15,-5.25691,IndriQueryLikelihood
4373,Q0,D3232204,16,-5.26631,IndriQueryLikelihood
4373,Q0,D125933,17,-5.27919,IndriQueryLikelihood
4373,Q0,D1580069,18,-5.29208,IndriQueryLikelihood
4373,Q0,D874862,19,-5.29208,IndriQueryLikelihood
4373,Q0,D1552698,20,-5.3052,IndriQueryLikelihood
1878,Q0,D233143,1,-4.83376,IndriQueryLikelihood
1878,Q0,D285273,2,-5.22585,IndriQueryLikelihood
1878,Q0,D610805,3,-5.22802,IndriQueryLikelihood
1878,Q0,D157586,4,-5.23387,IndriQueryLikelihood
1878,Q0,D2179014,5,-5.25389,IndriQueryLikelihood
1878,Q0,D233144,6,-5.29018,IndriQueryLikelihood
1878,Q0,D1368742,7,-5.36936,IndriQueryLikelihood
1878,Q0,D3364009,8,-5.37057,IndriQueryLikelihood
1878,Q0,D489339,9,-5.39752,IndriQueryLikelihood
1878,Q0,D3231446,10,-5.456,IndriQueryLikelihood
1878,Q0,D2131535,11,-5.46162,IndriQueryLikelihood
1878,Q0,D1604401,12,-5.47918,IndriQueryLikelihood
1878,Q0,D833547,13,-5.49866,IndriQueryLikelihood
1878,Q0,D1511754,14,-5.49912,IndriQueryLikelihood
1878,Q0,D860242,15,-5.49964,IndriQueryLikelihood
1878,Q0,D2126827,16,-5.50411,IndriQueryLikelihood
1878,Q0,D994703,17,-5.50876,IndriQueryLikelihood
1878,Q0,D489340,18,-5.50908,IndriQueryLikelihood
1878,Q0,D2885231,19,-5.51052,IndriQueryLikelihood
1878,Q0,D2126826,20,-5.51258,IndriQueryLikelihood
2897,Q0,D1457092,1,-4.60735,IndriQueryLikelihood
2897,Q0,D2222500,2,-4.61031,IndriQueryLikelihood
2897,Q0,D3508459,3,-4.61286,IndriQueryLikelihood
2897,Q0,D2390253,4,-4.72558,IndriQueryLikelihood
2897,Q0,D1469747,5,-4.73097,IndriQueryLikelihood
2897,Q0,D1685756,6,-5.31451,IndriQueryLikelihood
2897,Q0,D515064,7,-5.43672,IndriQueryLikelihood
2897,Q0,D650367,8,-5.44301,IndriQueryLikelihood
2897,Q0,D2397820,9,-5.44389,IndriQueryLikelihood
2897,Q0,D1614364,10,-5.48261,IndriQueryLikelihood
2897,Q0,D181836,11,-5.4842,IndriQueryLikelihood
2897,Q0,D1033507,12,-5.65697,IndriQueryLikelihood
2897,Q0,D2390252,13,-5.72608,IndriQueryLikelihood
2897,Q0,D1457096,14,-5.76339,IndriQueryLikelihood
2897,Q0,D3009671,15,-5.81508,IndriQueryLikelihood
2897,Q0,D3363655,16,-5.99717,IndriQueryLikelihood
2897,Q0,D2185023,17,-6.06636,IndriQueryLikelihood
2897,Q0,D3524195,18,-6.21252,IndriQueryLikelihood
2897,Q0,D871077,19,-6.23666,IndriQueryLikelihood
2897,Q0,D34988,20,-6.24735,IndriQueryLikelihood
3657,Q0,D2161422,1,-6.09139,IndriQueryLikelihood
3657,Q0,D2644340,2,-6.1033,IndriQueryLikelihood
3657,Q0,D925565,3,-6.36943,IndriQueryLikelihood
3657,Q0,D1501511,4,-6.38945,IndriQueryLikelihood
3657,Q0,D870640,5,-6.44809,IndriQueryLikelihood
3657,Q0,D1121792,6,-6.49643,IndriQueryLikelihood
3657,Q0,D2922701,7,-6.50188,IndriQueryLikelihood
3657,Q0,D2814125,8,-6.51407,IndriQueryLikelihood
3657,Q0,D2804141,9,-6.51491,IndriQueryLikelihood
3657,Q0,D264461,10,-6.53365,IndriQueryLikelihood
3657,Q0,D1912438,11,-6.5554,IndriQueryLikelihood
3657,Q0,D605377,12,-6.56631,IndriQueryLikelihood
3657,Q0,D1501510,13,-6.57007,IndriQueryLikelihood
3657,Q0,D3377483,14,-6.57521,IndriQueryLikelihood
3657,Q0,D305683,15,-6.58652,IndriQueryLikelihood
3657,Q0,D1118959,16,-6.60155,IndriQueryLikelihood
3657,Q0,D1160432,17,-6.60821,IndriQueryLikelihood
3657,Q0,D607193,18,-6.61048,IndriQueryLikelihood
3657,Q0,D2161425,19,-6.62062,IndriQueryLikelihood
3657,Q0,D473112,20,-6.62163,IndriQueryLikelihood
3775,Q0,D2992816,1,-6.06747,IndriQueryLikelihood
3775,Q0,D2702718,2,-6.5467,IndriQueryLikelihood
3775,Q0,D567243,3,-6.59489,IndriQueryLikelihood
3775,Q0,D1200845,4,-6.64089,IndriQueryLikelihood
3775,Q0,D3047118,5,-6.65347,IndriQueryLikelihood
3775,Q0,D2857546,6,-6.68884,IndriQueryLikelihood
3775,Q0,D1813019,7,-6.69692,IndriQueryLikelihood
3775,Q0,D2538125,8,-6.70439,IndriQueryLikelihood
3775,Q0,D1659462,9,-6.73003,IndriQueryLikelihood
3775,Q0,D3050052,10,-6.73072,IndriQueryLikelihood
3775,Q0,D261318,11,-6.73994,IndriQueryLikelihood
3775,Q0,D2724176,12,-6.73998,IndriQueryLikelihood
3775,Q0,D415722,13,-6.74144,IndriQueryLikelihood
3775,Q0,D275208,14,-6.74163,IndriQueryLikelihood
3775,Q0,D1125723,15,-6.7476,IndriQueryLikelihood
3775,Q0,D1200846,16,-6.74946,IndriQueryLikelihood
3775,Q0,D3047384,17,-6.76314,IndriQueryLikelihood
3775,Q0,D674413,18,-6.7632,IndriQueryLikelihood
3775,Q0,D1813020,19,-6.78282,IndriQueryLikelihood
3775,Q0,D2859801,20,-6.78427,IndriQueryLikelihood
3941,Q0,D2804430,1,-5.24643,IndriQueryLikelihood
3941,Q0,D1836349,2,-5.25627,IndriQueryLikelihood
3941,Q0,D1052610,3,-5.28385,IndriQueryLikelihood
3941,Q0,D3036165,4,-5.29354,IndriQueryLikelihood
3941,Q0,D2754845,5,-5.30707,IndriQueryLikelihood
3941,Q0,D698166,6,-5.34129,IndriQueryLikelihood
3941,Q0,D243785,7,-5.3457,IndriQueryLikelihood
3941,Q0,D2727335,8,-5.35228,IndriQueryLikelihood
3941,Q0,D3368772,9,-5.35531,IndriQueryLikelihood
3941,Q0,D2826081,10,-5.36461,IndriQueryLikelihood
3941,Q0,D1365306,11,-5.37597,IndriQueryLikelihood
3941,Q0,D2179426,12,-5.37912,IndriQueryLikelihood
3941,Q0,D2910107,13,-5.38696,IndriQueryLikelihood
3941,Q0,D1536401,14,-5.38696,IndriQueryLikelihood
3941,Q0,D1868682,15,-5.40111,IndriQueryLikelihood
3941,Q0,D1261626,16,-5.42627,IndriQueryLikelihood
3941,Q0,D61371,17,-5.42661,IndriQueryLikelihood
3941,Q0,D195672,18,-5.42923,IndriQueryLikelihood
3941,Q0,D243786,19,-5.42923,IndriQueryLikelihood
3941,Q0,D978540,20,-5.43469,IndriQueryLikelihood
3856,Q0,D2086866,1,-4.35436,IndriQueryLikelihood
3856,Q0,D2376067,2,-4.45501,IndriQueryLikelihood
3856,Q0,D2290169,3,-4.50975,IndriQueryLikelihood
3856,Q0,D223523,4,-4.53813,IndriQueryLikelihood
3856,Q0,D2081752,5,-4.55028,IndriQueryLikelihood
3856,Q0,D2105483,6,-4.55358,IndriQueryLikelihood
3856,Q0,D3053326,7,-4.60604,IndriQueryLikelihood
3856,Q0,D2680634,8,-4.60608,IndriQueryLikelihood
3856,Q0,D2702481,9,-4.60769,IndriQueryLikelihood
3856,Q0,D2163603,10,-4.61011,IndriQueryLikelihood
3856,Q0,D2483795,11,-4.62156,IndriQueryLikelihood
3856,Q0,D3430520,12,-4.64809,IndriQueryLikelihood
3856,Q0,D2779028,13,-4.65342,IndriQueryLikelihood
3856,Q0,D132380,14,-4.66673,IndriQueryLikelihood
3856,Q0,D2878921,15,-4.66767,IndriQueryLikelihood
3856,Q0,D480910,16,-4.67532,IndriQueryLikelihood
3856,Q0,D1338417,17,-4.74881,IndriQueryLikelihood
3856,Q0,D2163602,18,-4.75974,IndriQueryLikelihood
3856,Q0,D1157628,19,-4.75987,IndriQueryLikelihood
3856,Q0,D2702480,20,-4.76026,IndriQueryLikelihood
4409,Q0,D3018288,1,-5.19784,IndriQueryLikelihood
4409,Q0,D2013490,2,-5.2516,IndriQueryLikelihood
4409,Q0,D2599624,3,-5.26039,IndriQueryLikelihood
4409,Q0,D235072,4,-5.28192,IndriQueryLikelihood
4409,Q0,D1791831,5,-5.28422,IndriQueryLikelihood
4409,Q0,D1804350,6,-5.30098,IndriQueryLikelihood
4409,Q0,D3116769,7,-5.30189,IndriQueryLikelihood
4409,Q0,D2169976,8,-5.30347,IndriQueryLikelihood
4409,Q0,D709975,9,-5.30347,IndriQueryLikelihood
4409,Q0,D1945511,10,-5.30858,IndriQueryLikelihood
4409,Q0,D661997,11,-5.32202,IndriQueryLikelihood
4409,Q0,D1208610,12,-5.34058,IndriQueryLikelihood
4409,Q0,D520531,13,-5.36421,IndriQueryLikelihood
4409,Q0,D2375066,14,-5.38903,IndriQueryLikelihood
4409,Q0,D3360602,15,-5.39441,IndriQueryLikelihood
4409,Q0,D3178000,16,-5.40849,IndriQueryLikelihood
4409,Q0,D1969592,17,-5.40952,IndriQueryLikelihood
4409,Q0,D2704353,18,-5.4126,IndriQueryLikelihood
4409,Q0,D3091545,19,-5.41321,IndriQueryLikelihood
4409,Q0,D3459021,20,-5.44145,IndriQueryLikelihood
2437,Q0,D2884675,1,-4.93821,IndriQueryLikelihood
2437,Q0,D615447,2,-4.93821,IndriQueryLikelihood
2437,Q0,D2704625,3,-4.9566,IndriQueryLikelihood
2437,Q0,D1901483,4,-5.02626,IndriQueryLikelihood
2437,Q0,D949922,5,-5.05036,IndriQueryLikelihood
2437,Q0,D2704626,6,-5.05368,IndriQueryLikelihood
2437,Q0,D2704623,7,-5.20013,IndriQueryLikelihood
2437,Q0,D1633869,8,-5.25633,IndriQueryLikelihood
2437,Q0,D2986698,9,-5.28516,IndriQueryLikelihood
2437,Q0,D616838,10,-5.33533,IndriQueryLikelihood
2437,Q0,D615448,11,-5.33951,IndriQueryLikelihood
2437,Q0,D1643601,12,-5.35245,IndriQueryLikelihood
2437,Q0,D2175256,13,-5.35279,IndriQueryLikelihood
2437,Q0,D53376,14,-5.35295,IndriQueryLikelihood
2437,Q0,D2203690,15,-5.35411,IndriQueryLikelihood
2437,Q0,D637625,16,-5.35445,IndriQueryLikelihood
2437,Q0,D2252073,17,-5.35628,IndriQueryLikelihood
2437,Q0,D1616901,18,-5.35628,IndriQueryLikelihood
2437,Q0,D3335087,19,-5.35645,IndriQueryLikelihood
2437,Q0,D24708,20,-5.35744,IndriQueryLikelihood
3077,Q0,D408299,1,-5.53004,IndriQueryLikelihood
3077,Q0,D1606705,2,-5.61177,IndriQueryLikelihood
3077,Q0,D1822885,3,-5.63019,IndriQueryLikelihood
3077,Q0,D2912505,4,-5.63096,IndriQueryLikelihood
3077,Q0,D2383783,5,-5.66954,IndriQueryLikelihood
3077,Q0,D1621382,6,-5.77837,IndriQueryLikelihood
3077,Q0,D1158288,7,-5.77864,IndriQueryLikelihood
3077,Q0,D289219,8,-5.77918,IndriQueryLikelihood
3077,Q0,D2703289,9,-5.83376,IndriQueryLikelihood
3077,Q0,D3124112,10,-5.93414,IndriQueryLikelihood
3077,Q0,D856667,11,-5.96443,IndriQueryLikelihood
3077,Q0,D298312,12,-5.96772,IndriQueryLikelihood
3077,Q0,D3452811,13,-5.99412,IndriQueryLikelihood
3077,Q0,D2987934,14,-5.99705,IndriQueryLikelihood
3077,Q0,D2063341,15,-5.99995,IndriQueryLikelihood
3077,Q0,D204142,16,-6.02543,IndriQueryLikelihood
3077,Q0,D3229861,17,-6.03524,IndriQueryLikelihood
3077,Q0,D1741699,18,-6.05598,IndriQueryLikelihood
3077,Q0,D836951,19,-6.05636,IndriQueryLikelihood
3077,Q0,D2224175,20,-6.05883,IndriQueryLikelihood
3717,Q0,D1979708,1,-4.97253,IndriQueryLikelihood
3717,Q0,D1979709,2,-5.26346,IndriQueryLikelihood
3717,Q0,D2866894,3,-5.3265,IndriQueryLikelihood
3717,Q0,D1666402,4,-5.37999,IndriQueryLikelihood
3717,Q0,D1666408,5,-5.43201,IndriQueryLikelihood
3717,Q0,D179660,6,-5.4582,IndriQueryLikelihood
3717,Q0,D1112922,7,-5.48324,IndriQueryLikelihood
3717,Q0,D2952712,8,-5.49256,IndriQueryLikelihood
3717,Q0,D1432291,9,-5.50508,IndriQueryLikelihood
3717,Q0,D179658,10,-5.5171,IndriQueryLikelihood
3717,Q0,D2002400,11,-5.52478,IndriQueryLikelihood
3717,Q0,D1666406,12,-5.52963,IndriQueryLikelihood
3717,Q0,D846195,13,-5.53954,IndriQueryLikelihood
3717,Q0,D2100784,14,-5.5456,IndriQueryLikelihood
3717,Q0,D39035,15,-5.55698,IndriQueryLikelihood
3717,Q0,D2846162,16,-5.557,IndriQueryLikelihood
3717,Q0,D3083629,17,-5.55793,IndriQueryLikelihood
3717,Q0,D2948217,18,-5.56782,IndriQueryLikelihood
3717,Q0,D368012,19,-5.56789,IndriQueryLikelihood
3717,Q0,D2791917,20,-5.57378,IndriQueryLikelihood
3982,Q0,D592262,1,-5.18211,IndriQueryLikelihood
3982,Q0,D890371,2,-5.20558,IndriQueryLikelihood
3982,Q0,D2424228,3,-5.38347,IndriQueryLikelihood
3982,Q0,D149127,4,-5.39163,IndriQueryLikelihood
3982,Q0,D2035566,5,-5.41171,IndriQueryLikelihood
3982,Q0,D406573,6,-5.42621,IndriQueryLikelihood
3982,Q0,D2468759,7,-5.4295,IndriQueryLikelihood
3982,Q0,D2249695,8,-5.4301,IndriQueryLikelihood
3982,Q0,D3298660,9,-5.45808,IndriQueryLikelihood
3982,Q0,D2917262,10,-5.46209,IndriQueryLikelihood
3982,Q0,D2783114,11,-5.46619,IndriQueryLikelihood
3982,Q0,D2390144,12,-5.47225,IndriQueryLikelihood
3982,Q0,D616781,13,-5.49804,IndriQueryLikelihood
3982,Q0,D2610230,14,-5.49933,IndriQueryLikelihood
3982,Q0,D3215455,15,-5.50354,IndriQueryLikelihood
3982,Q0,D49041,16,-5.50495,IndriQueryLikelihood
3982,Q0,D2674100,17,-5.50544,IndriQueryLikelihood
3982,Q0,D2808263,18,-5.5188,IndriQueryLikelihood
3982,Q0,D47636,19,-5.51965,IndriQueryLikelihood
3982,Q0,D1103398,20,-5.52031,IndriQueryLikelihood
4566,Q0,D324090,1,-4.33484,IndriQueryLikelihood
4566,Q0,D324089,2,-4.44798,IndriQueryLikelihood
4566,Q0,D1000952,3,-4.45523,IndriQueryLikelihood
4566,Q0,D192255,4,-4.73851,IndriQueryLikelihood
4566,Q0,D1000950,5,-4.78255,IndriQueryLikelihood
4566,Q0,D2333529,6,-4.81127,IndriQueryLikelihood
4566,Q0,D2840646,7,-4.81413,IndriQueryLikelihood
4566,Q0,D2445290,8,-4.83066,IndriQueryLikelihood
4566,Q0,D1804036,9,-4.83066,IndriQueryLikelihood
4566,Q0,D265898,10,-4.84712,IndriQueryLikelihood
4566,Q0,D544616,11,-4.84924,IndriQueryLikelihood
4566,Q0,D789839,12,-4.86845,IndriQueryLikelihood
4566,Q0,D1195734,13,-4.87486,IndriQueryLikelihood
4566,Q0,D2100557,14,-4.87875,IndriQueryLikelihood
4566,Q0,D3092964,15,-4.88145,IndriQueryLikelihood
4566,Q0,D2043957,16,-4.88609,IndriQueryLikelihood
4566,Q0,D563149,17,-4.89374,IndriQueryLikelihood
4566,Q0,D2922120,18,-4.90646,IndriQueryLikelihood
4566,Q0,D811481,19,-4.90722,IndriQueryLikelihood
4566,Q0,D2922119,20,-4.91673,IndriQueryLikelihood
91,Q0,D3001687,1,-5.42726,IndriQueryLikelihood
91,Q0,D871894,2,-5.43926,IndriQueryLikelihood
91,Q0,D1722364,3,-5.49192,IndriQueryLikelihood
91,Q0,D531635,4,-5.50215,IndriQueryLikelihood
91,Q0,D2862743,5,-5.58944,IndriQueryLikelihood
91,Q0,D234717,6,-5.61882,IndriQueryLikelihood
91,Q0,D531634,7,-5.62237,IndriQueryLikelihood
91,Q0,D395845,8,-5.65194,IndriQueryLikelihood
91,Q0,D3033779,9,-5.66052,IndriQueryLikelihood
91,Q0,D630244,10,-5.68418,IndriQueryLikelihood
91,Q0,D1290074,11,-5.6962,IndriQueryLikelihood
91,Q0,D531632,12,-5.7259,IndriQueryLikelihood
91,Q0,D3308110,13,-5.73366,IndriQueryLikelihood
91,Q0,D3447580,14,-5.74428,IndriQueryLikelihood
91,Q0,D3147204,15,-5.751,IndriQueryLikelihood
91,Q0,D2327022,16,-5.7809,IndriQueryLikelihood
91,Q0,D199094,17,-5.78681,IndriQueryLikelihood
91,Q0,D465615,18,-5.79868,IndriQueryLikelihood
91,Q0,D2908656,19,-5.80476,IndriQueryLikelihood
91,Q0,D2201960,20,-5.80549,IndriQueryLikelihood
1004,Q0,D1661303,1,-5.31153,IndriQueryLikelihood
1004,Q0,D1661302,2,-6.81605,IndriQueryLikelihood
1004,Q0,D1838144,3,-6.93272,IndriQueryLikelihood
1004,Q0,D2567845,4,-7.06507,IndriQueryLikelihood
1004,Q0,D891600,5,-7.131,IndriQueryLikelihood
1004,Q0,D950611,6,-7.1473,IndriQueryLikelihood
1004,Q0,D1888264,7,-7.16851,IndriQueryLikelihood
1004,Q0,D1201419,8,-7.17152,IndriQueryLikelihood
1004,Q0,D58477,9,-7.19432,IndriQueryLikelihood
1004,Q0,D3134714,10,-7.19962,IndriQueryLikelihood
1004,Q0,D2484240,11,-7.25084,IndriQueryLikelihood
1004,Q0,D818292,12,-7.27974,IndriQueryLikelihood
1004,Q0,D2450402,13,-7.28984,IndriQueryLikelihood
1004,Q0,D989339,14,-7.32242,IndriQueryLikelihood
1004,Q0,D2499959,15,-7.34063,IndriQueryLikelihood
1004,Q0,D1489194,16,-7.34365,IndriQueryLikelihood
1004,Q0,D942858,17,-7.34746,IndriQueryLikelihood
1004,Q0,D2546728,18,-7.35709,IndriQueryLikelihood
1004,Q0,D2449174,19,-7.36872,IndriQueryLikelihood
1004,Q0,D2281672,20,-7.3698,IndriQueryLikelihood
3101,Q0,D1591696,1,-5.24405,IndriQueryLikelihood
3101,Q0,D1145862,2,-5.24612,IndriQueryLikelihood
3101,Q0,D1222308,3,-5.24612,IndriQueryLikelihood
3101,Q0,D1040330,4,-5.24612,IndriQueryLikelihood
3101,Q0,D2758809,5,-5.35203,IndriQueryLikelihood
3101,Q0,D1591697,6,-5.51238,IndriQueryLikelihood
3101,Q0,D2142586,7,-5.56494,IndriQueryLikelihood
3101,Q0,D311902,8,-5.57401,IndriQueryLikelihood
3101,Q0,D2240908,9,-5.58651,IndriQueryLikelihood
3101,Q0,D2127703,10,-5.62524,IndriQueryLikelihood
3101,Q0,D2178270,11,-5.64203,IndriQueryLikelihood
3101,Q0,D2739144,12,-5.66896,IndriQueryLikelihood
3101,Q0,D3280571,13,-5.72507,IndriQueryLikelihood
3101,Q0,D82,14,-5.72507,IndriQueryLikelihood
3101,Q0,D2213276,15,-5.74628,IndriQueryLikelihood
3101,Q0,D1039725,16,-5.76131,IndriQueryLikelihood
3101,Q0,D2601421,17,-5.78429,IndriQueryLikelihood
3101,Q0,D214497,18,-5.79252,IndriQueryLikelihood
3101,Q0,D2211335,19,-5.80871,IndriQueryLikelihood
3101,Q0,D2720043,20,-5.80871,IndriQueryLikelihood
